EMPLOYER ID,TOTAL_ARREARS,MAX_CONSECUTIVE_MISSED,AVG_CONTRIBUTION_RATIO,MONTHS_WITH_SANCTIONS,PAYMENT_RATE,AMOUNT_CV,AMOUNT_TREND,EMPLOYER_TENURE,AVG_PAYMENT_DELAY,DEFAULT_LABEL
XXXXX0010_20190102,122179.86,0,1.0,48,1.0,0.625885254552905,-7.812883195831523,6.995208761122519,220.35416666666666,0
XXXXX0011_20070122,-495630.249312,0,1.0,48,1.0,0.2188547779051866,10910.506217976552,18.940451745379878,11.979166666666666,0
XXXXX0011_20180102,41715.0,0,0.9930555555555555,48,0.9791666666666666,0.4000936533685658,9.602556448111164,7.994524298425736,72.31914893617021,1
XXXXX0025_20180103,631.53,0,1.0,48,1.0,0.3104050902163285,5.000202453321753,7.991786447638604,20.0625,0
XXXXX0027_20220105,2214.0,0,1.0,48,1.0,0.09187111866180206,0.4220581849761178,3.9863107460643397,35.145833333333336,0
XXXXX0048_20201019,-1693.16,0,1.0,48,1.0,0.1347191405504591,1.1546640251845417,5.19917864476386,7.625,0
XXXXX0061_20150108,-11143.86,0,1.0,48,1.0,0.22910881138423173,2.7851997394702566,10.978781656399725,-2.9583333333333335,0
XXXXX0079_19991217,-525787.888368,0,1.0,48,1.0,0.39089613349797925,-64.05890414676509,26.039698836413415,53.958333333333336,0
XXXXX0089_20160111,115020.0,0,1.0,48,1.0,0.9645644530559379,62.957012592270935,9.971252566735114,35.125,0
XXXXX0091_19980609,-723424.8,0,1.0,48,1.0,0.3120754349739821,309.59798143725556,27.561943874058862,12.125,0
XXXXX0097_20080128,-41596.4,0,1.0,48,1.0,0.07262003398138817,-0.8966711897524964,17.924709103353866,12.083333333333334,0
XXXXX0106_20070517,0.0,0,1.0,48,1.0,0.2595472842646178,79.79827127659577,18.625598904859686,11.645833333333334,0
XXXXX0109_20120522,0.0,0,1.0,48,1.0,0.16432434899169887,-1.3826096396005187,13.609856262833675,11.354166666666666,0
XXXXX0110_20160112,75558.63,0,1.0,48,1.0,0.31256219056500323,-559.5863932913592,9.96851471594798,11.416666666666666,0
XXXXX0112_20200109,11495.25,0,1.0,48,1.0,0.2522405150125252,1.846504559270516,5.976728268309377,55.729166666666664,0
XXXXX0116_20180108,1491.1,0,1.0,48,1.0,0.37834795692464007,36.36299772036474,7.9780971937029435,12.75,0
XXXXX0144_19930628,15577.010000000002,0,1.0,48,1.0,0.2969197508496345,121.239065349544,32.50924024640657,24.020833333333332,0
XXXXX0150_20190110,5924.88,0,1.0,48,1.0,0.11690566993324689,-4.32221938775511,6.973305954825462,16.854166666666668,0
XXXXX0152_20011030,0.0,0,1.0,48,1.0,0.25289117856346555,34.34402735562308,24.16974674880219,11.854166666666666,0
XXXXX0155_20210111,35441.1,0,0.9583333333333334,48,0.9375,0.26291223444661044,-0.818646330872774,4.969199178644764,144.37777777777777,1
XXXXX0165_20201021,0.0,0,1.0,48,1.0,0.3711593846852937,143.7416000868432,5.193702943189596,11.229166666666666,0
XXXXX0170_20150115,10257.77,0,1.0,48,1.0,0.1492190848210716,1.6211181068171947,10.959616700889802,50.541666666666664,0
XXXXX0172_20190111,202.5,0,1.0,48,1.0,0.6364631830469591,4.673737516283108,6.97056810403833,14.604166666666666,0
XXXXX0176_20181016,36115.92,0,0.9791666666666666,48,0.9583333333333334,0.31702390288578614,0.6207240555796786,7.208761122518823,61.43478260869565,1
XXXXX0180_20220112,71820.23,0,0.9791821505696011,48,0.9583333333333334,0.9300765699506397,72.36900998697348,3.9671457905544147,40.78260869565217,1
XXXXX0183_20190926,76770.33,0,0.9583333333333334,48,0.9375,0.2609312292213768,-2.0265083586626154,6.264202600958248,111.84444444444445,1
XXXXX0188_19990825,-77713.23799999998,0,1.0,48,1.0,0.09401898282479323,14.763619192357849,26.351813826146476,37.708333333333336,0
XXXXX0193_20170114,10630.45,0,1.0,48,1.0,0.36003783534922723,178.409087060356,8.960985626283367,25.520833333333332,0
XXXXX0204_20020301,-46577.655,0,1.0,48,1.0,0.11650356001959138,7.873011289622232,23.835728952772072,12.333333333333334,0
XXXXX0207_19920313,-25008.72,0,1.0,48,1.0,0.21536659565409938,-0.8167118975249678,33.80150581793292,10.395833333333334,0
XXXXX0222_20070425,-3287.5999999999995,0,1.0,0,1.0,0.40044452682257087,364.7838135041249,18.68583162217659,13.270833333333334,0
XXXXX0240_20210114,22727.57,0,0.9166666666666666,48,0.8958333333333334,0.4922103265644529,0.5204282457663911,4.960985626283367,116.53488372093024,1
XXXXX0241_20160119,91913.0,0,1.0,48,1.0,0.3305740337409945,26.300578593139377,9.949349760438055,83.20833333333333,0
XXXXX0250_20210817,1362.57,0,1.0,48,1.0,0.3614207204124196,19.29174880590533,4.372347707049966,9.020833333333334,0
XXXXX0256_20050714,66009.0,0,1.0,48,1.0,0.44963486520618784,-4.56592270950937,20.465434633812457,27.229166666666668,0
XXXXX0260_20090420,-61193.6,0,0.998971613595698,0,0.9791666666666666,0.12824467135619247,20.109353560573176,16.698151950718685,5.541666666666667,0
XXXXX0272_20200115,1182.55,0,1.0,48,1.0,0.15665087690280477,8.83432967867998,5.960301163586585,20.145833333333332,0
XXXXX0279_19961101,-13501.933247,0,0.979423309178744,48,0.9791666666666666,0.7514290791932127,18.383411854103336,29.163586584531142,14.46808510638298,1
XXXXX0279_20071012,54660.060000000005,0,1.0,48,1.0,0.2220761069616641,19.922313287016923,18.220396988364133,15.083333333333334,0
XXXXX0280_20190930,45341.36,0,0.9937349085975321,48,0.9791666666666666,1.4345052161565477,45.14999131567521,6.253251197809719,165.29787234042553,1
XXXXX0293_20080206,185517.37,0,0.751437013702884,48,0.7291666666666666,0.6414523280705008,-9.431386235345197,17.900068446269678,376.9166666666667,1
XXXXX0293_20181018,6640.44,0,1.0,48,1.0,0.11350568354690624,1.5937624837168904,7.2032854209445585,32.041666666666664,0
XXXXX0297_20000904,0.0,0,1.0,48,1.0,0.17733529485257676,-60.37360236647852,25.322381930184804,10.166666666666666,0
XXXXX0300_20220117,-1466.35,0,1.0,48,1.0,0.15108910194430278,0.6259943551888841,3.9534565366187544,0.625,0
XXXXX0311_20191001,-110.07,0,1.0,48,1.0,0.2912673325904588,2.3757881024750325,6.250513347022587,10.916666666666666,0
XXXXX0312_20160122,16185.279999999999,0,1.0,48,1.0,0.03678723289705475,0.907329027355621,9.94113620807666,44.354166666666664,0
XXXXX0318_20031105,23420.88,0,1.0,48,1.0,0.15342556209705518,1.2689719930525394,22.154688569472963,80.52083333333333,0
XXXXX0318_20170119,21033.47,0,1.0,48,1.0,0.1849799812943732,10.864632001736855,8.947296372347708,25.9375,0
XXXXX0323_20220117,-52.30000000000007,0,1.0,48,1.0,0.15037556488996567,1.2442878853669121,3.9534565366187544,17.875,0
XXXXX0333_20180116,2644.17,0,1.0,48,1.0,0.26204957747334595,9.551057316543647,7.956194387405886,37.166666666666664,0
XXXXX0366_20210119,326470.5,0,0.7710956339007359,48,0.7708333333333334,0.844325373236798,167.94655232305686,4.947296372347707,129.56756756756758,1
XXXXX0373_19991102,435294.31,0,0.7069200598670986,48,0.6458333333333334,0.6459736712451739,-20.802454950065133,26.16290212183436,412.85,1
XXXXX0374_20120522,48.379999999999995,0,1.0,48,1.0,0.6903508717284718,10.502806122448975,13.609856262833675,22.5,0
XXXXX0379_20010212,0.0,0,1.0,0,1.0,0.21320534300898852,122.52935301780288,24.88158795345654,9.729166666666666,0
XXXXX0379_20181019,2822.58,0,0.9932962981925152,48,0.9791666666666666,0.42951151637840673,17.889775835866256,7.200547570157426,13.148936170212766,1
XXXXX0380_20140317,-7877.889999999992,0,1.0,48,1.0,0.20045637173128503,271.0863824359529,11.791923340177961,8.708333333333334,0
XXXXX0381_19961023,85734.19,0,0.9791666666666666,48,0.9583333333333334,0.258606904851585,-6.94714014329136,29.188227241615333,254.8913043478261,1
XXXXX0383_20170123,-3303.96,0,1.0,48,1.0,0.16942305784293318,2.1823990447242725,8.936344969199178,-2.4791666666666665,0
XXXXX0392_20181019,14526.75,0,1.0,48,1.0,0.4476760116578561,47.916354754667815,7.200547570157426,16.229166666666668,0
XXXXX0401_19960430,0.0,0,1.0,48,1.0,0.13480402983037662,0.4483195831524067,29.67008898015058,11.479166666666666,0
XXXXX0402_20191002,767702.73,0,0.6697631728379932,48,0.6458333333333334,0.8145175965524358,-50.12699739470255,6.247775496235455,189.65625,1
XXXXX0409_20191002,2982.29,0,1.0,48,1.0,0.11545405655094435,-5.180969387755102,6.247775496235455,14.645833333333334,0
XXXXX0411_20200120,-823.32,0,1.0,48,1.0,0.13435422345189835,0.5467998263135038,5.946611909650924,3.4791666666666665,0
XXXXX0415_20090923,13938.75,0,0.9998544157621333,48,0.9791666666666666,0.4167627365569417,137.01434270516717,16.27104722792608,13.333333333333334,0
XXXXX0416_20100105,-10158.75,0,1.0,48,1.0,0.2454295789094948,11.327792553191493,15.986310746064339,44.041666666666664,0
XXXXX0416_20160127,28391.36,0,0.8923395445134575,48,0.875,0.39783202138548457,-6.46053951367781,9.927446954140999,58.666666666666664,1
XXXXX0417_20171115,51411.909999999996,0,0.6956530926727708,48,0.6666666666666666,0.7204424457462457,-1.8015539513677798,8.125941136208077,346.9117647058824,1
XXXXX0419_20180118,189265.75,0,0.9583333333333334,48,0.9375,0.32603461165009373,2.8736902952670333,7.950718685831622,141.48888888888888,1
XXXXX0420_20081110,854.82,0,1.0,48,1.0,0.11993278696878379,-3.5920375597047296,17.138945927446954,10.145833333333334,0
XXXXX0422_19941214,-29881.661701999998,0,1.0,0,1.0,0.087406553367713,5.675847807207991,31.04722792607803,18.0,0
XXXXX0422_20030120,-45266.88,0,0.9797153123795067,0,0.9791666666666666,0.2971261958940917,22.472745874945716,22.94592744695414,12.872340425531915,1
XXXXX0422_20060313,1066478.3652999983,0,1.0,48,1.0,0.22452772003664914,20.48161636995223,19.802874743326488,15.145833333333334,0
XXXXX0442_19980330,3745.17,0,0.9931015698484642,48,0.9583333333333334,0.27766969062255065,-0.46986213634389723,27.756331279945243,14.395833333333334,0
XXXXX0454_19910918,2455.96,0,1.0,48,1.0,0.0359774241764244,0.2696482848458526,34.286105407255306,25.270833333333332,0
XXXXX0462_20191003,0.0,0,1.0,48,1.0,0.11402372907998486,4.097042444637424,6.245037645448323,11.270833333333334,0
XXXXX0463_20060406,228308.94,0,1.0,48,1.0,0.08708406505299027,2.945990555796784,19.737166324435318,14.395833333333334,0
XXXXX0463_20181022,25220.23,0,1.0,48,1.0,0.5512961733132887,21.136762917933122,7.19233401779603,51.729166666666664,0
XXXXX0464_20170125,-13270.5,0,1.0,0,1.0,0.16362023086487346,2.784411636995223,8.930869267624914,-3.3125,0
XXXXX0467_20200120,6085.0,0,1.0,48,1.0,0.3329070004773932,-0.8745777247069051,5.946611909650924,47.604166666666664,0
XXXXX0473_20200120,11996.71,0,0.8298611111111112,48,0.8125,0.508808877876865,-0.2765262700825011,5.946611909650924,298.97435897435895,1
XXXXX0473_20210820,12253.23,0,0.9791666666666666,48,0.9791666666666666,0.19916639635493222,0.5093427051671732,4.3641341546885695,143.40425531914894,1
XXXXX0474_20030515,14347.25,0,1.0,48,1.0,0.1928223436228251,9.288641988710381,22.63107460643395,19.625,0
XXXXX0476_19910806,386325.58999999997,0,1.0,48,1.0,0.11492964636272653,35.40419832826748,34.403832991101986,86.5,0
XXXXX0478_20120710,-47250.0,0,1.0,0,1.0,0.16043844442200086,6.22828918801565,13.475701574264203,4.5625,0
XXXXX0489_19960203,-163438.359272,0,0.999823275507629,0,0.9791666666666666,0.3210155664082869,160.49453701693434,29.908281998631075,13.166666666666666,0
XXXXX0489_19991025,2411.424169,0,0.8923796906520453,48,0.8958333333333334,0.35522390626593037,23.05987299174988,26.184804928131417,10.659090909090908,1
XXXXX0494_20201029,13292.57,0,1.0,48,1.0,0.15812228408825077,2.244311767260095,5.171800136892539,26.916666666666668,0
XXXXX0495_20020712,0.0,0,1.0,48,1.0,0.31712760225428327,34.79177105948761,23.471594798083505,14.145833333333334,0
XXXXX0495_20200121,-4181.68,0,1.0,48,1.0,0.3752470841202412,6.422421841076855,5.943874058863792,11.708333333333334,0
XXXXX0503_20180122,0.0,0,1.0,0,1.0,0.4108768086008409,10.427952127659573,7.939767282683094,12.75,0
XXXXX0504_20080829,-370763.85000000003,0,1.0,48,1.0,0.1250991163081772,64.51037451150668,17.338809034907598,11.520833333333334,0
XXXXX0507_20111019,47905.08,0,1.0,0,1.0,0.23002072802342607,39.92296461137644,14.20123203285421,141.6875,0
XXXXX0512_20041109,-732.99,0,1.0,0,1.0,0.14166005823667843,0.014500108554059341,21.141683778234086,12.4375,0
XXXXX0514_20181023,16957.35,0,1.0,48,1.0,0.31542997648005483,4.7483744029526695,7.189596167008898,50.1875,0
XXXXX0515_20111019,47.55000000000018,0,1.0,48,1.0,0.12497612642027116,17.74519485453754,14.20123203285421,11.583333333333334,0
XXXXX0517_20220121,-28.230000000000004,0,1.0,48,1.0,0.34584196974959175,0.40122231871471936,3.9425051334702257,16.666666666666668,0
XXXXX0523_20000627,-18175.56,0,1.0,0,1.0,0.18017712349274445,2.976843790707769,25.51129363449692,11.354166666666666,0
XXXXX0524_20170126,358666.37,0,1.0,48,1.0,0.2613010541499833,298.1946911636994,8.928131416837783,107.85416666666667,0
XXXXX0527_20191004,108186.0,0,0.9457123799066113,48,0.9375,0.4072856155509074,5.083339122883193,6.242299794661191,99.53333333333333,1
XXXXX0530_20090420,9588.32,0,1.0,48,1.0,0.3642737007911208,-68.74228126356924,16.698151950718685,12.416666666666666,0
XXXXX0530_20191004,2207.67,0,0.9583333333333334,48,0.9375,0.31566294451658633,0.37324522362136325,6.242299794661191,22.42222222222222,1
XXXXX0531_20111123,126104.14,0,0.7669222753122226,48,0.75,0.5940418089397514,-1.8609417064698255,14.105407255304586,22.37837837837838,1
XXXXX0534_20010410,-623094.43888,0,0.9999609479501749,48,0.9791666666666666,0.343747404978831,645.6953717976551,24.725530458590008,8.6875,0
XXXXX0536_20060201,12080.07,0,1.0,48,1.0,0.2565835251219712,4.068463417281808,19.912388774811774,52.9375,0
XXXXX0537_20051110,294646.73,0,0.999999856233265,48,0.9583333333333334,0.6272476628795458,225.93955384281364,20.139630390143736,53.5,0
XXXXX0538_20210823,68119.29,0,0.9919695995007923,48,0.9583333333333334,0.28752397378026173,-16.178471016066013,4.355920602327173,40.148936170212764,1
XXXXX0539_20101216,-205.23000000000002,0,0.9791666666666666,48,0.9791666666666666,0.1702850658484574,0.8243323925314798,15.041752224503764,-11.404255319148936,1
XXXXX0549_20170127,9288.0,0,0.9166666666666666,48,0.8958333333333334,0.34460570588493056,-1.2603126356925758,8.92539356605065,63.16279069767442,1
XXXXX0551_20040623,3596.834095,0,1.0,48,1.0,0.2753562524457286,20.450375597047323,21.522245037645447,13.916666666666666,0
XXXXX0551_20190122,208555.02,0,1.0,48,1.0,0.12231192561200654,5.025378853669124,6.940451745379876,214.4375,0
XXXXX0557_20171120,28355.66,0,0.9930555555555555,48,0.9791666666666666,0.46407232453137565,16.202721450282237,8.112251882272416,58.702127659574465,1
XXXXX0558_20201030,11548.710000000001,0,0.9811510439512924,48,0.9583333333333334,0.44760474134942607,37.512067954841505,5.169062286105407,10.729166666666666,1
XXXXX0561_20171120,71752.5,0,1.0,48,1.0,0.41134607063581036,9.760095527572725,8.112251882272416,153.1875,0
XXXXX0566_20180123,529.28,0,0.9999879469154224,48,0.9791666666666666,0.487356401118012,2691.388457989578,7.9370294318959616,13.875,0
XXXXX0568_20220124,49221.0,0,0.6666666666666666,48,0.6458333333333334,0.7707317830274644,-9.103560573165433,3.9342915811088295,149.67741935483872,1
XXXXX0572_20120522,645256.3400000001,0,0.9562078170481821,48,0.9375,0.3635232566714377,114.8038612679114,13.609856262833675,31.26086956521739,1
XXXXX0575_20090213,331002.53,0,0.9381563489852751,48,0.9375,0.4299974286407392,94.02239361702124,16.878850102669404,16.934782608695652,1
XXXXX0578_19931110,439637.98000000004,0,0.9931669047060079,48,0.9791666666666666,0.3944899587707743,346.62412559704705,32.139630390143736,19.80851063829787,1
XXXXX0578_20210824,58214.0,0,0.8541666666666666,48,0.8333333333333334,0.49378098552484706,-1.3622448979591828,4.353182751540041,314.825,1
XXXXX0580_20090213,902098.69,0,0.9352419483732914,48,0.8958333333333334,0.3251159002693468,-14.736126791141997,16.878850102669404,235.63636363636363,1
XXXXX0582_19980727,158807.12,0,0.9720637254570336,48,0.9583333333333334,0.26035232346570036,-47.645832066869275,27.430527036276523,36.083333333333336,1
XXXXX0586_20181024,796.5,0,1.0,48,1.0,0.618967019744842,-4.845915110725138,7.186858316221766,18.25,0
XXXXX0592_20040304,-18139514.3274,0,0.999818131636772,0,0.9166666666666666,0.23700474794375284,4926.036416630479,21.82614647501711,25.1875,0
XXXXX0599_19980522,1066478.3652999983,0,0.6328159973452565,48,0.3333333333333333,0.7725450406028544,-27.648963851498035,27.61122518822724,195.78125,1
XXXXX0605_19980623,0.0,0,1.0,48,1.0,0.3188367478234645,30.844632544507142,27.523613963039015,13.479166666666666,0
XXXXX0608_20171121,11898.23,0,0.9583333333333334,48,0.9375,0.3050750473613274,0.11012103777681263,8.109514031485284,110.42222222222222,1
XXXXX0609_20140328,684.44,0,1.0,48,1.0,0.3886400407904044,5.229995657837601,11.761806981519507,18.6875,0
XXXXX0610_19960327,-29545.92,0,1.0,48,1.0,0.26291326270844834,518.8754629830654,29.763175906913073,13.104166666666666,0
XXXXX0621_20171121,174241.02,0,0.5217129764101222,48,0.5,1.4059600027618144,-7.301469821971343,8.109514031485284,195.16666666666666,1
XXXXX0644_19910807,96998.67234,0,1.0,48,1.0,0.20030440397179355,0.23479157620494923,34.40109514031485,9.8125,0
XXXXX0644_20181025,-80172.7,0,1.0,48,1.0,0.1427815565837,11.732787668258798,7.184120465434634,5.458333333333333,0
XXXXX0654_19980608,-484955.1,0,1.0,48,1.0,0.0769713096638167,38.54947459834999,27.564681724845997,11.854166666666666,0
XXXXX0654_20200123,-971.01,0,1.0,48,1.0,0.19864893283377255,14.744785062961348,5.938398357289528,10.791666666666666,0
XXXXX0655_20130801,5292.0599999999995,0,0.9997005723975199,48,0.9791666666666666,0.6997112413601834,161.63336571862786,12.41615331964408,13.9375,0
XXXXX0661_20190124,-567.27,0,1.0,0,1.0,0.9190660844234658,8.864056122448979,6.934976043805612,25.395833333333332,0
XXXXX0662_20191008,0.0,0,1.0,48,1.0,0.33002459209697826,10.546105623100301,6.231348391512663,12.75,0
XXXXX0663_20170131,178188.29,0,0.8949414604669661,48,0.875,0.49068154504316097,-0.777894051237517,8.914442162902121,412.8753888888889,1
XXXXX0669_19920416,5310.96,0,1.0,48,1.0,0.3955390501072266,4.105826639166302,33.70841889117043,24.125,0
XXXXX0677_20010228,-76932.96,0,1.0,48,1.0,0.487987757538269,21.24700770733824,24.83778234086242,13.979166666666666,0
XXXXX0688_20020820,-373956.33092000004,0,0.9999999390948466,0,0.9791666666666666,0.09429988398365416,17.69865935735996,23.364818617385353,12.125,0
XXXXX0696_19990426,-1080771.732104,0,1.0,48,1.0,0.32110361886200683,155.38808619192355,26.68309377138946,13.416666666666666,0
XXXXX0697_19910918,8938.77,0,0.9930555555555555,48,0.9791666666666666,0.2125886819082951,0.8874734042553185,34.286105407255306,61.744680851063826,1
XXXXX0698_19990708,1875.6699999999983,0,1.0,48,1.0,0.14182832419198363,-82.87093519322633,26.483230663928815,11.479166666666666,0
XXXXX0698_20150216,42942.61,0,0.9859089140673442,48,0.8333333333333334,0.39795920744509466,11.265029309596176,10.872005475701574,80.3125,0
XXXXX0701_19970401,-101498.97,0,1.0,0,1.0,0.16790494552905055,365.059136452453,28.750171115674195,23.5625,0
XXXXX0702_19920317,2069.88,0,0.999672259036331,48,0.9791666666666666,0.1757452877989167,39.17730188884066,33.790554414784395,19.583333333333332,0
XXXXX0702_20181026,-98128.8,0,1.0,48,1.0,0.3073937816079554,1533.7662375162824,7.181382614647502,12.583333333333334,0
XXXXX0703_20020919,3362.25,0,1.0,48,1.0,0.224215568150387,14.561540382110284,23.28268309377139,38.9375,0
XXXXX0733_20200124,27540.0,0,1.0,48,1.0,0.0,4.771967100190194e-16,5.935660506502396,140.22916666666666,0
XXXXX0741_20160211,604.13,0,1.0,0,1.0,0.22204511694831244,-9.989511506730341,9.886379192334017,14.020833333333334,0
XXXXX0741_20190125,22480.04,0,1.0,48,1.0,0.538894698199879,89.27664405123748,6.93223819301848,39.25,0
XXXXX0742_20181026,4952.7,0,1.0,48,1.0,0.15392642220467662,0.6369159791576207,7.181382614647502,63.1875,0
XXXXX0747_20010912,222499.82,0,0.9037162621920763,48,0.7916666666666666,0.29108771681163964,11.03566543638732,24.301163586584533,177.1875,1
XXXXX0749_19940221,1066478.3652999983,0,0.37274214082992585,48,0.375,1.3116750347389021,75.4285915110725,31.857631759069132,114.15789473684211,1
XXXXX0749_20220128,1020.6,0,1.0,48,1.0,0.26693671682941644,-0.12992509769865304,3.923340177960301,18.458333333333332,0
XXXXX0769_20180129,0.0,0,1.0,48,1.0,0.35769345062712565,30.145317520625255,7.920602327173169,12.916666666666666,0
XXXXX0772_19920129,-262266.94,0,1.0,0,1.0,0.3349374414643332,146.01212874511498,33.921971252566735,6.895833333333333,0
XXXXX0775_19940706,-59700.969999999994,0,1.0,0,1.0,0.222098247484675,5.498192032131998,31.488021902806295,4.020833333333333,0
XXXXX0781_20190127,-17254.56,0,1.0,48,1.0,0.3479966627412301,33.09751465479808,6.926762491444216,9.75,0
XXXXX0781_20210126,40831.64,0,1.0,48,1.0,0.3076505740914422,0.1924554928354315,4.9281314168377826,248.47916666666666,0
XXXXX0787_20160215,38603.56,0,1.0,48,1.0,0.32947405516066264,3.8670560138949184,9.875427789185489,65.20833333333333,0
XXXXX0787_20181029,46623.5,0,0.8160790097863035,48,0.7916666666666666,0.5151589735100769,2.303641445940077,7.173169062286106,412.8753888888889,1
XXXXX0788_20201105,1066478.3652999983,0,0.9576466508794844,48,0.9166666666666666,0.3980402454180167,254.47467270950918,5.152635181382615,60.2,1
XXXXX0794_19911002,0.0,0,1.0,48,1.0,0.17867527058706534,258.4877051671732,34.247775496235455,13.854166666666666,0
XXXXX0804_20010209,18789.75,0,1.0,0,1.0,0.3163306098811078,422.1586750976987,24.889801505817932,67.16666666666667,0
XXXXX0810_20040212,342545.73,0,1.0,48,1.0,0.10890195839686469,40.5863829787234,21.883641341546884,93.10416666666667,0
XXXXX0814_20220129,9103.25,0,1.0,48,1.0,0.5772744382391849,4.232466891011722,3.920602327173169,40.791666666666664,0
XXXXX0815_20050121,-136721.96,0,1.0,48,1.0,0.1830448142033265,132.18330004342164,20.941820670773442,14.8125,0
XXXXX0816_20090420,23596.96,0,1.0,48,1.0,0.3139869299502538,349.61676183239246,16.698151950718685,14.104166666666666,0
XXXXX0817_20220131,20980.62,0,0.9583333333333334,48,0.9375,0.5840513200269486,2.8214155449413796,3.915126625598905,115.97777777777777,1
XXXXX0825_20080603,0.0,0,1.0,48,1.0,0.14239790501466298,84.95745169344332,17.57700205338809,14.4375,0
XXXXX0827_20071109,-8503.140000000001,0,0.9976590924252188,0,0.9791666666666666,0.18454690427069592,-14.423646873643083,18.143737166324435,15.5625,0
XXXXX0831_19960416,23430.65,0,1.0,48,1.0,0.04111135793062284,0.42157837603126447,29.70841889117043,53.041666666666664,0
XXXXX0837_19920210,3131.85,0,1.0,48,1.0,0.15466959944421593,1.384493052540165,33.889117043121146,2.2291666666666665,0
XXXXX0849_20180130,0.0,0,1.0,48,1.0,0.46151478531525847,2.5203359748154575,7.917864476386037,13.375,0
XXXXX0860_20090720,11697.64,0,0.9375,48,0.9166666666666666,0.33229737634519146,-0.32319583152409864,16.449007529089666,88.18181818181819,1
XXXXX0861_20201106,57703.0,0,0.3271604938271605,48,0.2916666666666667,1.4345052161565477,-2.151487190620929,5.149897330595483,299.4,1
XXXXX0866_20030326,1319.1100000000024,0,1.0,0,1.0,0.12886332694532912,271.6887749674338,22.767967145790553,16.3125,0
XXXXX0867_20160217,0.0,0,1.0,48,1.0,0.3369636013789243,8.648573056882325,9.869952087611225,13.270833333333334,0
XXXXX0882_20160217,44047.409999999996,0,0.9969714088757914,48,0.9583333333333334,0.1737685263237063,11.504719930525404,9.869952087611225,15.0625,0
XXXXX0887_20191011,810.0,0,1.0,48,1.0,0.18962399498711036,11.330357142857142,6.223134839151267,11.354166666666666,0
XXXXX0895_20110801,1587.6,0,1.0,48,1.0,0.10993686169392257,0.525227963525836,14.417522245037645,28.645833333333332,0
XXXXX0902_20191011,3547.8799999999997,0,1.0,48,1.0,0.6425186903321852,-1.630673035171515,6.223134839151267,39.979166666666664,0
XXXXX0910_19950206,-54563.405856000005,0,1.0,48,1.0,0.0897843404811809,1.4272378419452882,30.899383983572896,11.3125,0
XXXXX0928_20181101,-1300.3799999999999,0,1.0,48,1.0,0.12570045388267065,-0.28874511506730477,7.1649555099247095,4.375,0
XXXXX0928_20200129,148.17000000000002,0,1.0,48,1.0,0.44359738638457796,-0.3740376682587927,5.921971252566735,12.791666666666666,0
XXXXX0933_20040209,26230.5,0,1.0,48,1.0,0.2332224834428749,26.720826096395992,21.89185489390828,8.833333333333334,0
XXXXX0936_19970715,-2534154.33,0,1.0,0,1.0,0.04529474464491134,137.3420923795048,28.462696783025326,17.020833333333332,0
XXXXX0946_19920129,-6131.716418,0,1.0,48,1.0,0.07559943423509996,-2.5678951367781124,33.921971252566735,9.6875,0
XXXXX0949_19920203,1066478.3652999983,0,0.8676482763518174,48,0.8541666666666666,0.4281668375130777,-57.77386181068171,33.908281998631075,22.414634146341463,1
XXXXX0955_19930517,-473637.36,0,1.0,48,1.0,0.3582265717546898,280.51824033868854,32.62422997946612,12.583333333333334,0
XXXXX0959_20060831,9506.69,0,0.9996587441503105,48,0.9375,0.21798964914615127,-66.65343193660448,19.3347022587269,20.291666666666668,0
XXXXX0964_20090302,0.0,0,1.0,48,1.0,0.09316935655117622,0.9669680851063801,16.83230663928816,12.354166666666666,0
XXXXX0968_20220202,-1323.0,0,1.0,0,1.0,0.37982886672854144,18.00853669127225,3.909650924024641,9.958333333333334,0
XXXXX0971_19980518,44291.46,0,1.0,48,1.0,0.14300843477668104,1.6737244897959183,27.62217659137577,29.104166666666668,0
XXXXX0976_20160222,12886.64,0,1.0,48,1.0,0.4515419819817257,9.490269214068604,9.856262833675565,34.854166666666664,0
XXXXX0978_20191014,477.78999999999996,0,1.0,48,1.0,0.03363547408291749,0.12403821102909257,6.2149212867898695,18.8125,0
XXXXX0985_19920203,-13597.0,0,1.0,48,1.0,0.6056797861895313,9.033822731220145,33.908281998631075,16.770833333333332,0
XXXXX0985_20210129,6610.4,0,1.0,48,1.0,0.6701533521047585,2.8770516717325227,4.919917864476386,64.0,0
XXXXX1001_20110211,-327031.82,0,1.0,48,1.0,0.14800288733828565,-6.3238808076421815,14.885694729637235,62.333333333333336,0
XXXXX1005_20170213,1177.93,0,1.0,48,1.0,0.09687825510469408,-0.14830547112462358,8.878850102669405,16.3125,0
XXXXX1011_20110404,-4703.56,0,0.9930555555555555,48,0.9791666666666666,0.28097750257172355,-5.457446808510639,14.743326488706366,22.46808510638298,1
XXXXX1012_19941014,2155.1000000000004,0,1.0,48,1.0,0.14926109627615708,0.8801134389926178,31.21423682409309,9.729166666666666,0
XXXXX1015_20131016,203771.64,0,0.9348344084283228,48,0.9166666666666666,0.338157274203567,-24.12441923577941,12.208076659822039,37.54545454545455,1
XXXXX1019_20000914,6498.63,0,1.0,48,1.0,0.2032335219604083,-35.59550694745982,25.295003422313485,42.395833333333336,0
XXXXX1021_20180202,8056.349999999999,0,1.0,48,1.0,0.456412098860406,-1.8099430091185398,7.909650924024641,15.895833333333334,0
XXXXX1022_20210129,-27.70999999999995,0,0.999999022234859,48,0.9583333333333334,0.2413255817643822,9.08327996092053,4.919917864476386,12.145833333333334,0
XXXXX1032_20120726,43182.89,0,1.0,48,1.0,0.03306660687149874,0.23672926617455534,13.431895961670088,45.291666666666664,0
XXXXX1035_20160223,48339.97,0,1.0,48,1.0,0.2674337782225798,106.70988167607467,9.853524982888432,17.916666666666668,0
XXXXX1038_20001220,4288.78,0,1.0,48,1.0,0.259110609917389,-10.449604320451582,25.02943189596167,19.291666666666668,0
XXXXX1068_19980820,0.0,0,1.0,48,1.0,0.4434111774526324,-60.58045049934869,27.364818617385353,13.916666666666666,0
XXXXX1075_19960209,-4961.6468,0,1.0,0,1.0,0.4517565777205669,14.765940078158922,29.89185489390828,8.916666666666666,0
XXXXX1081_20180205,16657.92,0,1.0,48,1.0,0.3313860972233547,7.592006079027353,7.901437371663245,46.583333333333336,0
XXXXX1082_20190201,0.0,0,1.0,0,1.0,0.33180003180402606,-44.26467108119848,6.913073237508556,5.979166666666667,0
XXXXX1086_20220207,-3091.38,0,1.0,48,1.0,0.5744448040597702,32.327471775944424,3.89596167008898,8.0,0
XXXXX1096_20181105,359.51,0,1.0,48,1.0,0.0,-2.5920149178006305e-15,7.15400410677618,12.541666666666666,0
XXXXX1107_20110906,365219.15,0,1.0,48,1.0,0.3094572260113508,4144.159897959182,14.318959616700889,130.875,0
XXXXX1114_20191016,0.0,0,1.0,0,1.0,0.14883483088614025,1.5734905557967849,6.209445585215605,12.25,0
XXXXX1118_20191016,10270.169999999998,0,1.0,48,1.0,0.2881085261286621,-2.0579608119843704,6.209445585215605,28.5,0
XXXXX1119_20170216,92942.9,0,1.0,48,1.0,0.3050352571889342,18.943440078158915,8.870636550308008,6.041666666666667,0
XXXXX1125_20050204,-1867.21,0,0.9606809520036435,48,0.9583333333333334,0.32297312539070144,19.85704298740772,20.903490759753595,23.108695652173914,1
XXXXX1126_20090420,160888.28,0,0.9929973516079277,48,0.9791666666666666,0.2361357455930641,35.9200146547981,16.698151950718685,41.340425531914896,1
XXXXX1135_20160229,1387.52,0,1.0,48,1.0,0.3582490423326403,1.7793530178028651,9.83709787816564,26.270833333333332,0
XXXXX1145_20100301,-6566.48,0,1.0,0,1.0,0.5445320809740731,3.037476118106817,15.835728952772074,12.979166666666666,0
XXXXX1149_20201116,147963.64,0,0.7689708223025135,48,0.75,0.6159776822795088,46.40785931393833,5.122518822724161,128.32608695652175,1
XXXXX1152_20100309,75227.9,0,0.9977161777017775,48,0.9791666666666666,1.4345052161565477,5161.748883521494,15.813826146475018,36.51063829787234,0
XXXXX1154_20210907,16703.87,0,1.0,48,1.0,0.44770663208431305,-3.1007951584889266,4.314852840520191,95.64583333333333,0
XXXXX1166_20220208,21735.0,0,1.0,48,1.0,0.0,4.771967100190194e-16,3.893223819301848,122.79166666666667,0
XXXXX1179_20100511,-19179.75,0,1.0,48,1.0,0.1548775538562033,28.309612462006065,15.641341546885695,10.833333333333334,0
XXXXX1185_20220208,169320.9,0,0.999925570428156,48,0.9166666666666666,0.7217642967984884,3987.362437581415,3.893223819301848,36.083333333333336,0
XXXXX1190_19971015,-180852.35,0,0.9604271759641146,48,0.9375,0.345419481883212,7.927317086409022,28.210814510609172,23.444444444444443,1
XXXXX1191_20201117,0.0,0,1.0,48,1.0,0.3256606364371765,-1.0726726009552772,5.119780971937029,10.125,0
XXXXX1200_20170220,122419.48,0,0.7238125966748012,48,0.6875,0.6761576001344675,-6.754520733825445,8.85968514715948,141.7941176470588,1
XXXXX1207_20000901,-1819792.626604,0,1.0,48,1.0,0.20293443667639877,109.53181556665213,25.3305954825462,10.145833333333334,0
XXXXX1220_20180208,0.0,0,1.0,48,1.0,0.42540057462261305,-183.5556980026052,7.8932238193018485,11.604166666666666,0
XXXXX1221_20200204,22303.12,0,1.0,48,1.0,0.08729743077191919,-0.0016261398176273597,5.905544147843942,167.64583333333334,0
XXXXX1232_20150313,-9850.38,0,1.0,48,1.0,0.4037647083930001,7.782388732088578,10.803559206023271,-13.895833333333334,0
XXXXX1248_20040906,39681.5,0,1.0,48,1.0,0.3433606137796496,507.6896987624838,21.31690622861054,13.208333333333334,0
XXXXX1249_20181108,16702.64,0,1.0,48,1.0,0.344239163538433,11.911284194528873,7.145790554414784,36.791666666666664,0
XXXXX1251_20020131,-18509.3,0,1.0,48,1.0,0.1735224999641392,1.8705384281372135,23.915126625598905,24.75,0
XXXXX1254_20190206,26038.5,0,0.8541666666666666,48,0.8333333333333334,0.5761682851490129,-3.302024533217542,6.899383983572895,115.95,1
XXXXX1259_20150316,81636.13,0,1.0,48,1.0,0.3202508428672854,242.23002551020397,10.795345653661876,19.916666666666668,0
XXXXX1266_20170222,12190.5,0,0.8958333333333334,48,0.875,0.4126263036675919,-3.9223567086409017,8.854209445585216,113.78571428571429,1
XXXXX1268_20201119,50328.0,0,0.8541666666666666,48,0.8333333333333334,0.45194614629282565,-3.7516283108988286,5.114305270362765,128.925,1
XXXXX1275_20200205,-13985.6,0,1.0,48,1.0,0.3576041289754452,31.73462114633086,5.90280629705681,14.895833333333334,0
XXXXX1280_19920129,-387628.04,0,1.0,48,1.0,0.27137024104238344,458.0681768345635,33.921971252566735,21.9375,0
XXXXX1281_20080723,54.24,0,1.0,48,1.0,0.14534891067592956,21.31051400347372,17.440109514031484,10.125,0
XXXXX1293_20160309,7840.8,0,0.8529792405273137,48,0.8333333333333334,0.6289818147513228,14.268811333043852,9.81245722108145,42.80487804878049,1
XXXXX1300_20080214,687.96,0,1.0,48,1.0,0.23242705302969532,2376.7228359748156,17.87816563997262,11.0,0
XXXXX1308_20190207,-61787.12999999999,0,1.0,48,1.0,0.3105480107499108,26.08514383412939,6.896646132785763,27.333333333333332,0
XXXXX1322_19980716,-1258332.5999999999,0,1.0,48,1.0,0.3483773947001951,89.10304331306986,27.460643394934976,10.958333333333334,0
XXXXX1327_20070214,6311.7300000000005,0,1.0,48,1.0,0.15284633125738933,-0.3609476769431142,18.87748117727584,6.708333333333333,0
XXXXX1329_20201120,1107.0,0,0.9791666666666666,48,0.9583333333333334,0.47769731395849335,0.5488221884498478,5.111567419575633,15.58695652173913,1
XXXXX1332_20140127,260.05,0,1.0,0,1.0,0.10465087666224274,0.14349978289188084,11.926078028747433,13.583333333333334,0
XXXXX1335_20030729,-242801.65,0,1.0,48,1.0,0.14942683313234734,24.417995006513234,22.425735797399042,10.6875,0
XXXXX1338_20210909,411336.9,0,0.9621180473853701,48,0.9583333333333334,0.2151971931345042,1.8099180416847327,4.309377138945927,124.95744680851064,1
XXXXX1343_20210204,1632.1000000000001,0,1.0,48,1.0,0.3238862551819402,1.350018454190187,4.903490759753593,29.770833333333332,0
XXXXX1348_20061229,24077.25,0,1.0,48,1.0,0.27060976975409157,102.00873588797218,19.006160164271048,18.625,0
XXXXX1355_20010228,0.0,0,1.0,48,1.0,0.15496784230206656,-3.0081268996960353,24.83778234086242,13.666666666666666,0
XXXXX1361_20031204,-91232.72,0,1.0,48,1.0,0.16145813730783207,2.5430910768562724,22.075290896646134,5.8125,0
XXXXX1361_20180212,2956.5,0,1.0,48,1.0,0.036737119419963125,1.496987624837164,7.882272416153319,12.458333333333334,0
XXXXX1363_20120926,0.0,0,1.0,0,1.0,0.24830309546070448,89.233760855406,13.262149212867898,13.229166666666666,0
XXXXX1373_20080221,13814.1,0,1.0,48,1.0,0.28128680302869496,5.950485779418148,17.859000684462696,12.395833333333334,0
XXXXX1381_20090202,0.0,0,1.0,48,1.0,0.688382735628326,15.590506947459833,16.908966461327857,12.541666666666666,0
XXXXX1385_19971125,964.2600000000001,0,1.0,48,1.0,0.2437870016206246,16.60801508901432,28.098562628336754,-1.3541666666666667,0
XXXXX1389_20181112,-1541.6999999999998,0,1.0,48,1.0,0.340659174780904,64.15768019973946,7.134839151266256,21.375,0
XXXXX1393_20130521,160802.21,0,0.3541666666666667,48,0.3333333333333333,1.4291792020209932,-5.514893617021276,12.61327857631759,206.375,1
XXXXX1394_20150325,12207.35,0,0.9998190535731325,48,0.9791666666666666,0.2763831486221368,268.3695874945723,10.770704996577686,28.375,0
XXXXX1395_20050518,129359.48,0,0.8333333333333334,48,0.8333333333333334,0.45665797193472435,-0.7798686495874965,20.621492128678987,139.05,1
XXXXX1395_20201123,6978.67,0,1.0,48,1.0,0.4516293825141828,20.651609856708635,5.103353867214237,29.104166666666668,0
XXXXX1401_19980606,18046.135,0,0.9015822916666667,48,0.8541666666666666,0.4357538983249467,-15.540270299609203,27.57015742642026,-369.45454545454544,1
XXXXX1404_20180213,17900.44,0,0.9897119341563786,48,0.9583333333333334,0.6287515865092003,10.166074142422925,7.879534565366187,41.297872340425535,1
XXXXX1404_20210204,17308.73,0,0.9989752262177567,48,0.9791666666666666,0.5075116862716765,22.660647524967427,4.903490759753593,39.916666666666664,0
XXXXX1405_20110623,40500.0,0,1.0,48,1.0,0.23504641819833477,7.826761289622229,14.524298425735797,75.875,0
XXXXX1406_20030627,-5902.89,0,1.0,48,1.0,0.04424601601605707,0.20596830221450274,22.51334702258727,-29.958333333333332,0
XXXXX1418_20170227,325.1800000000002,0,1.0,48,1.0,0.14059732128250418,0.5660660008684325,8.840520191649555,26.166666666666668,0
XXXXX1422_20210910,26446.67,0,0.3718951590897384,48,0.3333333333333333,1.4345052161565477,-1.5110464611376462,4.306639288158795,223.7058823529412,1
XXXXX1428_20180213,554694.5,0,0.9412822342162114,48,0.9166666666666666,0.5310879526774143,75.18696482848455,7.879534565366187,70.04545454545455,1
XXXXX1433_20030519,-21298.42,0,1.0,48,1.0,0.05622812645222641,3.8920017368649487,22.62012320328542,7.9375,0
XXXXX1436_20130211,143387.06,0,1.0,48,1.0,0.1751425748825571,11.390954732957004,12.88432580424367,122.625,0
XXXXX1437_20170228,60429.3,0,0.9930555555555555,48,0.9791666666666666,0.20916264557327105,15.264068606165845,8.837782340862423,27.53191489361702,1
XXXXX1437_20191022,7239.99,0,0.8958333333333334,48,0.875,0.45403243394296994,-0.9466934433347801,6.193018480492813,78.28571428571429,1
XXXXX1452_20080825,1066478.3652999983,0,0.8329883050892315,48,0.8125,0.6038343337503591,206.26099761181055,17.349760438056126,67.61538461538461,1
XXXXX1462_20081014,0.0,0,1.0,48,1.0,0.1592178123919922,1.4244463742943982,17.21286789869952,8.229166666666666,0
XXXXX1474_20180214,0.0,0,1.0,48,1.0,0.33723848465699074,43.280967216673886,7.876796714579055,10.458333333333334,0
XXXXX1478_20140404,297.0,0,1.0,48,1.0,0.13834807760941129,-1.5876487190620947,11.742642026009582,13.104166666666666,0
XXXXX1484_20210913,64840.5,0,0.33958333333333335,48,0.3125,1.4345052161565477,-3.6270625271385133,4.298425735797399,128.0,1
XXXXX1489_20030325,67805.88,0,1.0,48,1.0,0.47462617052490896,25.17141066000868,22.770704996577688,124.89583333333333,0
XXXXX1498_20130627,271.35,0,1.0,48,1.0,0.3694868834896546,23.274343790707768,12.511978097193703,10.166666666666666,0
XXXXX1509_20190212,0.0,0,1.0,48,1.0,0.1753824070374268,8.928057425097698,6.882956878850103,12.291666666666666,0
XXXXX1512_19921021,63204.69,0,0.9798727280791467,48,0.9791666666666666,0.35025496910108594,12.299338363004775,33.1937029431896,67.36170212765957,1
XXXXX1517_19910923,547.3,0,1.0,48,1.0,0.1331872026508948,242.03371200607896,34.27241615331965,13.6875,0
XXXXX1518_20150330,24540.260000000002,0,1.0,48,1.0,0.34570917734953643,14.740928137212325,10.757015742642025,49.333333333333336,0
XXXXX1522_19960418,35095.38,0,0.9788595507928509,48,0.9583333333333334,0.40924706200406347,25.632491315675203,29.702943189596166,26.361702127659573,1
XXXXX1523_19960425,-142706.51,0,1.0,0,1.0,0.26824909509983597,138.21603397742075,29.683778234086244,16.458333333333332,0
XXXXX1527_20220213,995.8,0,1.0,48,1.0,0.15042670463585622,0.6273230568823273,3.8795345653661877,23.875,0
XXXXX1534_20150330,-28163.73,0,1.0,48,1.0,0.6427890489017427,29.820718627876673,10.757015742642025,7.25,0
XXXXX1536_19950206,-397157.19000000006,0,1.0,48,1.0,0.16829899234606482,39.94302974381245,30.899383983572896,13.354166666666666,0
XXXXX1544_20000608,182599.4,0,1.0,48,1.0,0.1787506630974476,13.653783108988268,25.56331279945243,144.72916666666666,0
XXXXX1564_20180215,24547.57,0,0.9989718988270706,48,0.9791666666666666,0.20444527382121663,-3.2701080112896195,7.874058863791923,45.333333333333336,0
XXXXX1565_20220214,3888.0,0,1.0,48,1.0,0.043393450990053525,-5.781317846287453,3.8767967145790556,11.645833333333334,0
XXXXX1566_20190213,27437.379999999997,0,0.8958333333333334,48,0.875,0.49774916020896176,-6.728874294398608,6.880219028062971,56.666666666666664,1
XXXXX1567_20081001,33669.23,0,1.0,48,1.0,0.22621032387378784,-0.9297850629613538,17.248459958932237,193.9375,0
XXXXX1568_20200211,74216.7,0,0.9814486991301745,48,0.9791666666666666,0.21987405394898918,-2.547639491967007,5.886379192334018,13.297872340425531,1
XXXXX1579_20200211,2878.59,0,0.9791666666666666,48,0.9583333333333334,0.21307863795712212,-0.24661582718193675,5.886379192334018,36.76086956521739,1
XXXXX1584_20060705,-12298.140000000003,0,0.9375,48,0.9166666666666666,0.5422047203729785,1.962912505427699,19.49075975359343,26.818181818181817,1
XXXXX1591_20200211,5429.9,0,0.9193181818181818,48,0.8958333333333334,0.5490949371053824,-1.6710763135041258,5.886379192334018,27.681818181818183,1
XXXXX1592_20160323,136959.48,0,1.0,48,1.0,0.4672813291764918,3.577907620495008,9.774127310061601,357.0625,0
XXXXX1596_20080404,-8842.5,0,1.0,0,1.0,0.25135701119660697,-7.350480351715155,17.741273100616016,1.1875,0
XXXXX1611_19990809,4482.66,0,1.0,48,1.0,0.1619563070428883,6.082054385584018,26.39561943874059,11.104166666666666,0
XXXXX1620_20191024,0.0,0,1.0,48,1.0,0.15435800890834853,7.859661311333044,6.187542778918549,11.833333333333334,0
XXXXX1622_20181116,5249.77,0,0.9166666666666666,48,0.8958333333333334,0.472730843161488,0.03127496743378618,7.123887748117728,15.046511627906977,1
XXXXX1625_20210914,95942.3,0,0.7015462535209273,48,0.6458333333333334,0.7730352318755899,-9.274656969170646,4.295687885010267,222.44117647058823,1
XXXXX1630_20181116,10109.72,0,0.8473936899862826,48,0.8125,0.6423848011709018,-2.33784737299175,7.123887748117728,102.425,1
XXXXX1634_20170307,68815.65,0,0.42361024958515886,48,0.4166666666666667,1.320853533290791,3.564260204081632,8.818617385352498,159.52380952380952,1
XXXXX1636_20190215,204832.01,0,1.0,48,1.0,0.3118343167702024,-148.61066055145463,6.874743326488707,19.958333333333332,0
XXXXX1637_20210209,19498.54,0,0.875,48,0.8541666666666666,0.48596288453582015,-1.1065441815023878,4.889801505817933,236.73170731707316,1
XXXXX1638_20060927,142631.11,0,0.5632374860089554,48,0.5625,0.9987811380621648,2.262750759878419,19.260780287474333,84.22222222222223,1
XXXXX1661_20000821,-12080.78,0,1.0,48,1.0,0.7087903938972965,-3.184322622666085,25.360711841204655,17.333333333333332,0
XXXXX1662_20150408,86115.58,0,0.9791666666666666,48,0.9583333333333334,0.26383278162989854,16.882813721233163,10.732375085557837,45.73913043478261,1
XXXXX1669_20200213,136605.81,0,0.877492731801222,48,0.8541666666666666,0.4247711753672446,-24.265975358228413,5.880903490759754,27.209302325581394,1
XXXXX1670_20001116,43373.13,0,0.7916666666666666,48,0.7708333333333334,0.5514311874230119,-3.6431828050369064,25.12251882272416,157.13513513513513,1
XXXXX1682_20140401,-4.680000000000007,0,1.0,48,1.0,0.2847683717663565,16.001176726009554,11.75085557837098,17.3125,0
XXXXX1685_20050207,-691224.6,0,0.999499802811727,48,0.9583333333333334,0.25572152099199114,228.95146927920092,20.895277207392198,13.458333333333334,0
XXXXX1689_20130430,610.2,0,1.0,48,1.0,0.13171476933874043,-5.05004342162397,12.670773442847365,13.041666666666666,0
XXXXX1690_20000405,-84483.53,0,1.0,48,1.0,0.31534774663354154,8.208892748588793,25.738535249828885,-5.229166666666667,0
XXXXX1696_20061006,97874.14,0,0.8122825556500111,48,0.7916666666666666,0.5387262082642513,-8.735198653929652,19.236139630390145,119.0,1
XXXXX1711_20150410,11128.3,0,0.9898769951293193,48,0.9791666666666666,0.689421749657458,103.16670212765953,10.726899383983573,33.659574468085104,1
XXXXX1718_20150410,-425.66,0,1.0,0,1.0,0.19338597087267514,2.4030937907077687,10.726899383983573,7.375,0
XXXXX1727_20091103,7719.97,0,1.0,48,1.0,0.12471736603062435,-1.335042336083364,16.15879534565366,26.541666666666668,0
XXXXX1732_20170310,13128.960000000001,0,0.9375,48,0.9166666666666666,0.6907849192364646,-0.19736213634389904,8.810403832991103,134.4318181818182,1
XXXXX1736_19980513,5472.72,0,0.9791666666666666,48,0.9583333333333334,0.2873709264720317,0.28871906209292136,27.63586584531143,27.0,1
XXXXX1748_20150414,607.5,0,1.0,0,1.0,0.32782788460706314,449.1242433782021,10.715947980835045,13.020833333333334,0
XXXXX1749_19930202,-22964.72,0,0.9999912944705912,48,0.9791666666666666,0.21179199187115694,1121.6310464611379,32.90896646132786,11.958333333333334,0
XXXXX1751_20050302,23816.769999999997,0,1.0,48,1.0,0.2670444688283804,7.474152192792,20.83230663928816,86.39583333333333,0
XXXXX1755_20200214,2154.35,0,1.0,48,1.0,0.2836403000893605,14.682016391663046,5.878165639972622,16.8125,0
XXXXX1759_20210916,4271.05,0,1.0,48,1.0,0.29884086786937825,1.9550825010855395,4.290212183436003,31.8125,0
XXXXX1768_20220217,922694.14,0,1.0,48,1.0,0.34409538266557327,1419.9317553191488,3.868583162217659,39.458333333333336,0
XXXXX1772_20070313,121.50000000000011,0,1.0,48,1.0,0.11063837907841147,7.164248263135045,18.803559206023273,318.2916666666667,0
XXXXX1781_19960715,-127748.726591,0,0.9990306545370555,48,0.9791666666666666,0.22035423017136097,28.62538156752061,29.462012320328544,10.1875,0
XXXXX1787_20140404,-46159.29,0,0.9997792444702993,48,0.9791666666666666,0.30508982862460104,190.9297416413374,11.742642026009582,8.166666666666666,0
XXXXX1789_20210211,2835.0,0,1.0,48,1.0,0.28140937244853187,-1.236132218844985,4.884325804243669,23.458333333333332,0
XXXXX1795_20170313,0.0,0,1.0,48,1.0,0.09818167915856005,1.5010719713417289,8.802190280629706,10.958333333333334,0
XXXXX1797_20181120,2993.63,0,1.0,48,1.0,1.1583154678288659,25.562288319583146,7.112936344969199,90.54166666666667,0
XXXXX1801_20140127,56694.17,0,0.8958333333333334,48,0.875,0.45533258582502384,-7.312714937038642,11.926078028747433,113.23809523809524,1
XXXXX1801_20201203,216.86000000000013,0,1.0,48,1.0,0.13024986646759476,9.317788211029088,5.075975359342916,12.5625,0
XXXXX1808_19950830,96499.860184,0,0.9583333333333334,48,0.9375,0.6509954300414617,3.363276161528439,30.338124572210816,164.57777777777778,1
XXXXX1822_20040511,0.0,0,1.0,48,1.0,0.09432573612366278,0.8271086626139824,21.639972621492127,8.875,0
XXXXX1835_19980507,120109.72,0,1.0,48,1.0,0.4290442610461676,38.80715534085974,27.652292950034223,132.20833333333334,0
XXXXX1836_20160405,-5670.0,0,1.0,0,1.0,0.0,4.771967100190194e-16,9.738535249828884,-17.520833333333332,0
XXXXX1845_20191025,142917.78,0,1.0,48,1.0,0.21904291929069805,29.260994355188885,6.184804928131417,21.354166666666668,0
XXXXX1850_20160406,9835.24,0,1.0,48,1.0,0.31788277698504663,14.760111810681714,9.735797399041752,20.1875,0
XXXXX1858_19930202,50551.07,0,1.0,48,1.0,0.2786086150145807,-38.801873643074245,32.90896646132786,36.125,0
XXXXX1863_20071011,3945.05,0,1.0,48,1.0,0.2799102252453329,1.1972470690403825,18.223134839151268,58.166666666666664,0
XXXXX1878_20190220,9703.96,0,0.9930555555555555,48,0.9791666666666666,0.22682621577289463,-1.2041066000868434,6.861054072553046,57.276595744680854,1
XXXXX1896_20210917,5400.0,0,1.0,48,1.0,0.4894473492050131,3.5171515414676504,4.287474332648871,52.4375,0
XXXXX1902_20210917,27736.03,0,0.8886002952374801,48,0.875,0.4905919242680893,-3.6564899044724273,4.287474332648871,43.45238095238095,1
XXXXX1915_20100731,675.0,0,1.0,0,1.0,0.14723799632120746,5.433266391663041,15.419575633127995,11.4375,0
XXXXX1919_19920904,-122079.61,0,1.0,48,1.0,0.37514889543614294,1975.6453810247497,33.322381930184804,12.708333333333334,0
XXXXX1919_20210920,180821.53,0,0.9722222222222222,48,0.9583333333333334,1.4345052161565477,34.93007056013894,4.2792607802874745,117.6086956521739,1
XXXXX1930_20201210,29722.8,0,0.9791666666666666,48,0.9583333333333334,0.26940714184471903,-1.067386018237082,5.0568104038329915,253.5,1
XXXXX1933_20200218,2475.4,0,1.0,48,1.0,0.1738068058604464,0.19974544072948341,5.867214236824093,26.25,0
XXXXX1935_20210212,11800.0,0,1.0,48,1.0,0.0,-1.0982759752962418e-15,4.8815879534565365,51.895833333333336,0
XXXXX1947_20190221,22279.84,0,0.9380389228198743,48,0.9375,0.36726331429409415,-4.1346661962657505,6.8583162217659135,24.844444444444445,1
XXXXX1953_19930202,19646.06248,0,1.0,48,1.0,0.37702668271622036,40.69279526704297,32.90896646132786,140.10416666666666,0
XXXXX1962_19920904,-4928.4800000000005,0,1.0,0,1.0,0.12543623231314222,-0.8541570777247068,33.322381930184804,8.666666666666666,0
XXXXX1985_20190222,0.0,0,1.0,0,1.0,0.3099750157604656,96.34903006947455,6.855578370978781,9.625,0
XXXXX1986_20090420,2794.5,0,1.0,48,1.0,0.12955157942211992,89.8143790707773,16.698151950718685,17.291666666666668,0
XXXXX1988_20170317,21143.8,0,1.0,48,1.0,0.32651667607509566,11.868130699088145,8.791238877481177,34.291666666666664,0
XXXXX1990_20050801,-1.84,0,1.0,48,1.0,0.3296446119475177,2.097467976552323,20.416153319644078,10.5625,0
XXXXX1993_20210215,57106.32,0,0.7910404927787963,48,0.75,0.5590648614861107,-6.874778549717761,4.87337440109514,131.54054054054055,1
XXXXX1996_20200218,80190.0,0,0.9930555555555555,48,0.9791666666666666,0.21123161630112927,0.9913970907512016,5.867214236824093,77.2127659574468,1
XXXXX1998_20070817,12048.75,0,0.9843703181013503,48,0.9583333333333334,0.169053752178333,5.608391228831952,18.373716632443532,7.125,1
XXXXX2000_20150427,45463.79,0,0.9983288526088027,48,0.9583333333333334,0.18518309166946445,12.492586843247944,10.680355920602327,40.25,0
XXXXX2001_19920904,-6429.24,0,1.0,48,1.0,0.09535981112966237,21.67712603126356,33.322381930184804,11.833333333333334,0
XXXXX2014_19910807,1064637.14,0,1.0,48,1.0,0.07147179954675181,-12.436351498045912,34.40109514031485,69.22916666666667,0
XXXXX2014_20140127,4108.4800000000005,0,1.0,48,1.0,0.20593569743219273,3.6490452670429856,11.926078028747433,11.979166666666666,0
XXXXX2023_20040617,152482.63749999998,0,1.0,48,1.0,0.49827171916348345,-21.80974544072948,21.53867214236824,88.77083333333333,0
XXXXX2024_20210922,78085.18,0,0.9791666666666666,48,0.9583333333333334,0.2500515439287944,0.4048328267477207,4.27378507871321,412.8753888888889,1
XXXXX2026_19911203,391059.0,0,1.0,48,1.0,0.44654977031164006,108.10673469387753,34.078028747433265,12.5,0
XXXXX2027_20000621,38552.184,0,0.9956644732388037,48,0.5416666666666666,0.3050847645781969,524.7696558836298,25.527720739219713,59.208333333333336,0
XXXXX2028_20181127,-9179.84,0,1.0,48,1.0,0.3858132256126764,38.335104211897516,7.093771389459275,6.625,0
XXXXX2042_20020315,3749.1099999999997,0,0.9566291529592212,48,0.9375,0.3761583902900659,1.069676508901435,23.797399041752225,26.288888888888888,1
XXXXX2043_20181127,10664.24,0,0.8033323473051787,48,0.7708333333333334,0.6681317841664879,-1.2183597481545785,7.093771389459275,14.947368421052632,1
XXXXX2050_20030409,15510.26,0,1.0,48,1.0,0.2672878161376208,-1.7078745115067306,22.729637234770706,43.791666666666664,0
XXXXX2055_20190225,23990.1,0,1.0,48,1.0,0.45766485383270666,4.203930742509769,6.847364818617385,145.875,0
XXXXX2056_19930202,4685.52,0,1.0,48,1.0,0.20751338546371553,-0.07485345201910412,32.90896646132786,5.625,0
XXXXX2059_20041216,1066478.3652999983,0,0.9374637375059124,48,0.8541666666666666,0.33196560528973146,-99.12239307425095,21.0403832991102,242.48936170212767,1
XXXXX2071_20150429,-3029.13,0,1.0,0,1.0,0.2330108801689444,-2.7486262483716892,10.674880219028063,24.208333333333332,0
XXXXX2082_19920904,24383.05231,0,1.0,48,1.0,0.4207596315497761,413.09644376899683,33.322381930184804,21.604166666666668,0
XXXXX2088_19910923,-137562.4,0,1.0,0,1.0,0.13222390242269744,36.01668638732086,34.27241615331965,7.708333333333333,0
XXXXX2091_20180301,9.32,0,1.0,48,1.0,0.23160224870395668,2.4665935735996523,7.835728952772074,11.583333333333334,0
XXXXX2094_20200220,-87.75,0,1.0,48,1.0,0.15495118710076405,0.808578484585324,5.861738535249829,13.625,0
XXXXX2102_20160418,8089.09,0,1.0,48,1.0,0.10272080460429901,-2.6100461354754683,9.702943189596168,24.916666666666668,0
XXXXX2108_19911015,64228.799999999996,0,0.9998286612663297,0,0.9791666666666666,0.645422528342704,420.0280579678679,34.21218343600274,13.229166666666666,0
XXXXX2110_20140205,15718.95,0,0.9990692978233296,48,0.9375,0.30675687855849265,99.42949196699958,11.901437371663244,129.70833333333334,0
XXXXX2147_20021219,710.5799999999998,0,1.0,48,1.0,0.1354111846064581,7.88823111159358,23.033538672142367,7.395833333333333,0
XXXXX2160_20150506,-5082.51,0,1.0,48,1.0,0.1496419490378659,0.6256013894919668,10.655715263518138,0.5416666666666666,0
XXXXX2179_20000612,3939.0,0,1.0,48,1.0,0.27357033358099614,-1.9383304385584055,25.5523613963039,7.75,0
XXXXX2181_20160421,-9980.779999999999,0,1.0,48,1.0,0.8223908223199049,6.235518888406425,9.69472963723477,-20.4375,0
XXXXX2188_20030331,-58852.939999999995,0,1.0,48,1.0,0.46430156400400396,5.061755861919234,22.754277891854894,39.729166666666664,0
XXXXX2222_20150512,-176155.05,0,1.0,48,1.0,0.13134287646183734,169.44705004342165,10.639288158795345,13.270833333333334,0
XXXXX2224_20061003,-73236.81999999999,0,0.9946799614023801,0,0.9791666666666666,0.27057483229544677,-2.439406752062527,19.24435318275154,12.979166666666666,0
XXXXX2225_20010718,3485.2,0,1.0,0,1.0,2.0730766247687448e-16,5.808204396754151e-15,24.45448323066393,43.3125,0
XXXXX2227_20110801,111976.36,0,0.9173874977668949,48,0.8958333333333334,0.39896299410287644,-2.2922486973512908,14.417522245037645,99.02272727272727,1
XXXXX2231_20160425,3797.29,0,0.9375,48,0.9166666666666666,0.33951293508563196,-0.08060247503256641,9.683778234086242,47.04545454545455,1
XXXXX2234_20041216,-2701.1150000000007,0,1.0,48,1.0,0.2828648669432792,-20.835834780720788,21.0403832991102,9.4375,0
XXXXX2246_20191108,10476.9,0,0.812144697943587,48,0.7916666666666666,0.521818999616026,-2.560138949196701,6.146475017111568,64.94736842105263,1
XXXXX2249_20210924,30989.21,0,0.9996457697030764,48,0.9791666666666666,0.41604246433242353,23.676528983933984,4.268309377138946,46.541666666666664,0
XXXXX2260_20130902,-346169.75,0,1.0,0,1.0,0.1279023545785306,82.02766283108986,12.328542094455852,0.6875,0
XXXXX2260_20180308,-13169.279999999999,0,1.0,48,1.0,0.21710875685551387,14.5623425966131,7.816563997262149,8.270833333333334,0
XXXXX2265_20031006,34730.37,0,1.0,48,1.0,0.4308647899193577,2.0786067086409026,22.236824093086927,251.85416666666666,0
XXXXX2272_20000828,0.0,0,1.0,48,1.0,0.20346228596575414,4.591699956578376,25.34154688569473,4.083333333333333,0
XXXXX2275_20160426,-3763.9,0,1.0,0,1.0,0.15540114423620144,0.6442466348241424,9.681040383299111,-28.666666666666668,0
XXXXX2301_20181203,1210.14,0,1.0,48,1.0,0.20905112703159526,17.502697025618755,7.077344284736482,13.875,0
XXXXX2303_20181203,2052.0,0,1.0,48,1.0,0.0,-4.500585877220021e-16,7.077344284736482,17.604166666666668,0
XXXXX2304_20110214,-90661.44,0,1.0,48,1.0,0.394608354715794,136.9651823708206,14.877481177275838,18.125,0
XXXXX2315_20201224,16144.02,0,0.9583333333333334,48,0.9375,0.2942555855208429,-0.7783977420755545,5.018480492813142,92.95555555555555,1
XXXXX2316_20140311,13214.68,0,1.0,48,1.0,0.20766290675530147,9.078004776378632,11.808350444900753,9.791666666666666,0
XXXXX2320_20090624,-17637.03,0,1.0,48,1.0,0.5874030086799965,23.517845744680848,16.520191649555098,27.895833333333332,0
XXXXX2325_20191111,-10553.7,0,1.0,48,1.0,0.9104894759270071,10.368142640034735,6.138261464750171,-8.270833333333334,0
XXXXX2332_20040405,149861.62,0,0.9691889838769364,48,0.9583333333333334,0.31410938369032476,0.7287147199305117,21.738535249828885,162.29787234042553,1
XXXXX2333_20090923,-7426.0,0,1.0,48,1.0,0.02980393344977076,-2.82910877116803,16.27104722792608,10.6875,0
XXXXX2334_20060601,35429.07,0,0.9641500474833808,48,0.9375,0.45978714353386474,3.576844333478075,19.583846680355922,87.97826086956522,1
XXXXX2338_20030725,1085.37,0,0.9859126984126984,48,0.9791666666666666,0.6445182322761756,1.786429114198871,22.43668720054757,3.8297872340425534,1
XXXXX2339_20140131,3773.93,0,0.9841715513425227,48,0.9583333333333334,0.22153804619172335,0.2977616152844121,11.915126625598905,57.87234042553192,1
XXXXX2342_20050630,1417.72,0,0.9973821190334448,48,0.9791666666666666,0.22139973408739155,-1.0031551237516272,20.503764544832308,21.333333333333332,0
XXXXX2354_19911210,965.25,0,1.0,48,1.0,0.19823133753764194,20.48455004342161,34.05886379192334,14.541666666666666,0
XXXXX2376_20120703,0.0,0,0.9611604281942031,48,0.9791666666666666,0.23357451837923376,9.967801237516284,13.494866529774127,10.595744680851064,1
XXXXX2383_20080505,-4830.64,0,1.0,0,1.0,0.4294576052322609,17.006194637429427,17.65639972621492,13.354166666666666,0
XXXXX2397_20030520,-73786.19,0,1.0,0,1.0,0.13022909031814622,8.215959075119411,22.61738535249829,11.0625,0
XXXXX2398_20160429,-9492.97,0,1.0,48,1.0,0.12155049154945846,2.5331963742943993,9.672826830937714,2.4583333333333335,0
XXXXX2405_20111220,-7096.150000000001,0,1.0,48,1.0,0.2825914911915477,20.65029635258357,14.03148528405202,10.145833333333334,0
XXXXX2407_20071107,-6790.03,0,1.0,0,1.0,0.19119409451794686,13.164285714285707,18.1492128678987,10.916666666666666,0
XXXXX2408_20041111,52867.24,0,1.0,48,1.0,0.22918251162166461,12.060618758141551,21.136208076659823,41.5,0
XXXXX2408_20050314,5157.0,0,1.0,48,1.0,0.6179950165769452,3.9348132870169326,20.799452429842574,22.5,0
XXXXX2415_20030805,11778.56,0,1.0,48,1.0,0.17018934373360003,-1.546533868866693,22.406570841889117,32.270833333333336,0
XXXXX2417_20210222,27592.9,0,0.9930555555555555,48,0.9791666666666666,0.14793457922728293,-0.3259791576204966,4.854209445585216,129.04255319148936,1
XXXXX2419_20050908,14223.12,0,1.0,48,1.0,0.6366682753910446,11.984969604863219,20.31211498973306,77.3125,0
XXXXX2423_19910705,-45900.94128,0,1.0,48,1.0,0.08983861621017307,4.073890577507597,34.49144421629021,-19.020833333333332,0
XXXXX2423_20120106,-7116.84,0,1.0,0,1.0,0.2935450887396568,4.605836409031696,13.984941820670773,18.229166666666668,0
XXXXX2438_20060908,16394.92,0,0.9967018692974111,48,0.9791666666666666,0.8049072164355779,201.30848838471553,19.312799452429843,17.979166666666668,0
XXXXX2450_20010317,67895.46,0,0.9932886525429355,48,0.9791666666666666,0.2613388352671695,-2.8193171949630904,24.791238877481177,241.41666666666666,0
XXXXX2451_20170331,0.0,0,1.0,48,1.0,0.16581738797209417,2.3923957881024736,8.752908966461328,8.395833333333334,0
XXXXX2452_20200227,48691.35,0,0.9930555555555555,48,0.9791666666666666,0.4270365215877582,15.797907620495003,5.842573579739904,52.4468085106383,1
XXXXX2459_20170403,46318.5,0,0.875,48,0.8541666666666666,0.6333622070407665,-2.5347921189752496,8.744695414099931,194.1951219512195,1
XXXXX2468_20190305,16011.800000000001,0,1.0,48,1.0,0.5657016669416632,211.6899326964828,6.825462012320329,20.520833333333332,0
XXXXX2476_20170403,26242.0,0,0.5860871127315521,48,0.5833333333333334,1.0522371813643072,35.62990284411636,8.744695414099931,145.64285714285714,1
XXXXX2480_20190305,-315.6,0,1.0,0,1.0,0.15688061005125586,1.3024413808076414,6.825462012320329,9.875,0
XXXXX2481_20180314,391.5,0,1.0,48,1.0,0.5653088723756567,10.918557316543636,7.800136892539356,13.604166666666666,0
XXXXX2482_20140326,-30160.76,0,1.0,48,1.0,0.18674029671828352,9.073029201042113,11.767282683093772,18.479166666666668,0
XXXXX2493_20210222,130470.6,0,1.0,48,1.0,0.22109200630365858,19.517940186712977,4.854209445585216,77.64583333333333,0
XXXXX2497_20140213,-655.1100000000001,0,1.0,48,1.0,0.4630110548164328,3.9891581632653046,11.879534565366187,11.375,0
XXXXX2499_20010131,-17220.305,0,1.0,48,1.0,0.42443212500511057,18.984221124620056,24.914442162902123,16.791666666666668,0
XXXXX2508_20210223,6075.0,0,1.0,48,1.0,0.5350489802559989,12.906887755102035,4.851471594798084,18.604166666666668,0
XXXXX2513_20191115,0.0,0,1.0,48,1.0,0.15874192344180638,1.338254450716457,6.1273100616016425,10.083333333333334,0
XXXXX2524_20120504,-30875.93,0,1.0,48,1.0,0.12506245052649712,20.77894919669993,13.659137577002053,4.270833333333333,0
XXXXX2527_20240221,500492.23,0,0.9114869517901908,48,0.9166666666666666,0.4890766466678801,20.090119409465906,1.8590006844626967,412.8753888888889,1
XXXXX2530_20070302,59951.88,0,0.9188572887343379,48,0.8958333333333334,0.40160002417769874,-4.0080346287451105,18.833675564681723,95.88372093023256,1
XXXXX2530_20150527,27731.87,0,0.9930555555555555,48,0.9791666666666666,0.3084949033342861,21.20124837168909,10.598220396988363,35.38297872340426,1
XXXXX2535_20180316,61364.979999999996,0,0.8535325504075505,48,0.8333333333333334,0.538780727714426,0.45800260529743547,7.794661190965092,81.8,1
XXXXX2535_20200228,-762.48,0,0.9989628669884302,48,0.9791666666666666,0.29680631705991695,10.62119463742944,5.839835728952772,10.645833333333334,0
XXXXX2537_20120504,1066478.3652999983,0,0.9577340258425836,48,0.8958333333333334,0.4223852383604682,1964.2768828701692,13.659137577002053,64.30434782608695,1
XXXXX2546_20181210,76189.59,0,1.0,48,1.0,0.5806969314800997,16.53491369952236,7.058179329226557,80.125,0
XXXXX2550_20100323,-10371.39,0,1.0,48,1.0,0.41665211147862163,12.176632653061223,15.775496235455167,2.2916666666666665,0
XXXXX2581_20200228,1381.81,0,1.0,48,1.0,0.47235868360548555,3.5472546678245758,5.839835728952772,19.25,0
XXXXX2588_20181212,25072.86,0,0.9930555555555555,48,0.9791666666666666,0.19405123457819404,-2.0691728180633944,7.052703627652293,41.638297872340424,1
XXXXX2589_20100712,18602.71,0,1.0,48,1.0,0.17594145174475997,3.665588905775079,15.471594798083505,70.6875,0
XXXXX2601_20080515,-76868.0,0,1.0,48,1.0,0.11096083034431505,56.76048740772905,17.6290212183436,13.0625,0
XXXXX2607_20090424,-34896.4,0,1.0,48,1.0,0.07393547906471823,0.5976867129830657,16.687200547570157,12.666666666666666,0
XXXXX2612_20160511,5702.17,0,1.0,48,1.0,0.26614887189443964,-11.347205818497619,9.639972621492129,15.208333333333334,0
XXXXX2622_20170406,6154.35,0,1.0,48,1.0,0.35122328622890264,24.801996851932262,8.736481861738536,22.0,0
XXXXX2628_20101124,-56651.27,0,1.0,48,1.0,0.16932238964383148,16.98326476335214,15.101984941820671,31.479166666666668,0
XXXXX2631_19920603,0.0,0,1.0,0,1.0,0.1441001212952125,36.17046298306552,33.57700205338809,12.125,0
XXXXX2646_20191119,13365.0,0,0.8316482843137255,48,0.8125,0.4854680364376409,-1.2859585323491092,6.116358658453114,116.56410256410257,1
XXXXX2646_20200228,15862.5,0,1.0,48,1.0,0.19897377779208503,5.440593790707772,5.839835728952772,38.0,0
XXXXX2648_20210224,24110.62,0,0.6761904761904761,48,0.6875,0.8292222453541352,3.732553191489361,4.848733744010952,318.3030303030303,1
XXXXX2656_20080924,6720.04,0,1.0,48,1.0,1.3032713930992719,9.216948545375596,17.267624914442163,38.3125,0
XXXXX2657_20091013,4687.9,0,0.9991615485218683,48,0.9791666666666666,0.23469528840093262,54.64668530178026,16.216290212183434,13.958333333333334,0
XXXXX2662_20211001,7416.4800000000005,0,0.7708333333333334,48,0.75,0.5995956652409142,-1.0851584889274855,4.249144421629021,58.25,1
XXXXX2663_20210224,-8682.369999999999,0,0.9914215686274509,48,0.9791666666666666,0.5058166116339653,3.92413645245332,4.848733744010952,16.829787234042552,1
XXXXX2664_20191120,3240.0,0,1.0,48,1.0,0.0,1.4935040544688004e-15,6.113620807665982,28.458333333333332,0
XXXXX2667_20200302,186172.09,0,0.6484928095170289,48,0.625,1.1152908412761249,-7.606756947459833,5.831622176591376,100.83870967741936,1
XXXXX2679_19950206,-91770.954004,0,0.9999999741312338,0,0.9791666666666666,0.3620347249718036,42.818822188449836,30.899383983572896,22.5,0
XXXXX2679_20070801,0.0,0,1.0,48,1.0,0.16562089123633536,19.485752279635246,18.417522245037645,12.645833333333334,0
XXXXX2683_19920409,-41184.56,0,1.0,48,1.0,0.19439667950373965,-1.9749820885801292,33.72758384668035,5.4375,0
XXXXX2684_20190312,-5504.62,0,0.9999980507085517,48,0.9791666666666666,0.41789475129334597,11.456852475032562,6.806297056810404,32.645833333333336,0
XXXXX2704_20100929,11708.93,0,1.0,0,1.0,0.4762760162728496,19.251410660008677,15.255304585900069,35.604166666666664,0
XXXXX2710_20181214,-40401.05,0,1.0,48,1.0,0.29354669310884496,24.550626356925747,7.047227926078029,1.4583333333333333,0
XXXXX2724_20050318,-77500.435,0,1.0,48,1.0,0.23858147125480533,-13.324079461571856,20.788501026694046,19.166666666666668,0
XXXXX2725_20240226,25339.5,0,1.0,48,1.0,0.875224767885989,25.862054928354315,1.8453114305270362,226.58333333333334,0
XXXXX2740_20100206,15342.640000000001,0,1.0,0,1.0,0.29881020350933557,14.275236105080328,15.898699520876113,282.4166666666667,0
XXXXX2741_20200303,88236.0,0,1.0,48,1.0,0.6081332208710704,135.03810247503253,5.8288843258042435,19.604166666666668,0
XXXXX2752_20181217,-222.75,0,1.0,48,1.0,0.2397154687498343,2.40045592705167,7.039014373716633,7.291666666666667,0
XXXXX2754_20181217,15901.08,0,1.0,48,1.0,0.28838032692217086,4.616361267911417,7.039014373716633,45.208333333333336,0
XXXXX2756_20070220,752137.61,0,0.9603600432757616,48,0.9375,0.3230061535962632,-92.83346613113319,18.861054072553046,48.955555555555556,1
XXXXX2756_20090122,162291.28,0,0.9585268253656642,48,0.9166666666666666,0.26303812893047074,17.154089231437254,16.93908281998631,128.12765957446808,1
XXXXX2765_20181218,8242.76,0,0.9166666666666666,48,0.8958333333333334,0.348780829108094,-1.2796271168041682,7.036276522929501,49.2093023255814,1
XXXXX2772_20050630,8414.4,0,1.0,48,1.0,0.2929797270823034,30.661925749023002,20.503764544832308,16.520833333333332,0
XXXXX2776_20120328,900892.73,0,1.0,48,1.0,0.3984206695074137,397.1805503690838,13.760438056125942,62.270833333333336,0
XXXXX2787_20080714,-420.9200000000001,0,1.0,48,1.0,0.09128746659520715,1.3273084020842352,17.464750171115675,16.3125,0
XXXXX2793_20160518,1927.9399999999998,0,1.0,48,1.0,0.4437577951366838,38.662310030395126,9.620807665982204,19.208333333333332,0
XXXXX2795_20120528,-120226.24,0,1.0,48,1.0,0.12884584291308665,14.666263026487178,13.593429158110883,21.75,0
XXXXX2800_20191125,-6398.58,0,1.0,0,1.0,0.5334887017856859,3.7124609205384274,6.099931553730322,-15.416666666666666,0
XXXXX2822_20150615,3159.0,0,1.0,48,1.0,0.14042582264262712,2.196021493703863,10.546201232032855,20.958333333333332,0
XXXXX2824_19950206,-139243.083694,0,1.0,0,1.0,0.35712076156394595,7.67216239687364,30.899383983572896,12.770833333333334,0
XXXXX2837_20211005,529.28,0,1.0,48,1.0,0.2805053463529592,3.2592878853669096,4.238193018480493,11.166666666666666,0
XXXXX2849_20211006,1404.36,0,1.0,48,1.0,0.46231464816833673,3.2103137212331734,4.2354551676933605,17.166666666666668,0
XXXXX2857_19921005,0.0,0,1.0,48,1.0,0.09121834443638847,-0.8246987624837159,33.23750855578371,11.145833333333334,0
XXXXX2876_20090318,0.0,0,1.0,48,1.0,0.21795910516341657,2.9105612244897934,16.788501026694046,11.3125,0
XXXXX2881_20200305,11276.57,0,1.0,48,1.0,0.1575710350348389,35.93033923143721,5.823408624229979,15.916666666666666,0
XXXXX2897_20110530,-131.36,0,1.0,48,1.0,0.33130611568859747,3.398367346938774,14.590006844626968,7.291666666666667,0
XXXXX2928_20070404,12187.44,0,0.9583333333333334,48,0.9375,0.30529273305686594,0.11185356057316526,18.743326488706366,34.22222222222222,1
XXXXX2933_20070417,15648.21,0,1.0,48,1.0,0.22073440115451406,13.161029635258354,18.70773442847365,13.729166666666666,0
XXXXX2937_20111214,-237284.50000000003,0,0.9999957608337674,48,0.9791666666666666,0.6763709901332353,78.37841945288751,14.047912388774812,14.270833333333334,0
XXXXX2944_20181227,22665.99,0,0.9586513460843725,48,0.9375,0.3006806491410616,0.283074793747285,7.011635865845311,98.23404255319149,1
XXXXX2949_20170419,34790.229999999996,0,1.0,48,1.0,0.2380397431809393,5.14367835432045,8.700889801505818,105.70833333333333,0
XXXXX2956_20090318,-29520.49,0,0.9163056426823885,48,0.875,0.4709370559997276,-7.97491641337386,16.788501026694046,113.78571428571429,1
XXXXX2959_20111019,-2681.93,0,1.0,48,1.0,0.2275419377139504,5.078245766391662,14.20123203285421,18.020833333333332,0
XXXXX2970_20191129,14045.35,0,1.0,48,1.0,0.3734747594395154,6.242181936604427,6.0889801505817935,52.145833333333336,0
XXXXX2971_20020820,29313.96,0,0.9583333333333334,48,0.9375,0.3816248474887403,1.908056882327398,23.364818617385353,93.42222222222222,1
XXXXX2971_20061113,1166.17,0,1.0,48,1.0,0.267753934794592,30.136283108988284,19.132101300479125,18.875,0
XXXXX2978_20211007,293.78,0,1.0,48,1.0,0.36105936266865973,13.360236105080324,4.232717316906228,11.5,0
XXXXX2998_20051012,-179.12999999999997,0,1.0,0,1.0,0.19896324236183513,-1.084517477203648,20.21902806297057,12.9375,0
XXXXX3000_20191129,162671.53,0,1.0,48,1.0,0.6761379926552926,832.2971070343029,6.0889801505817935,42.4375,0
XXXXX3001_20210226,24195.16,0,0.9530756285204012,48,0.9166666666666666,0.35721109355305297,-3.7866771602257936,4.843258042436688,59.31111111111111,1
XXXXX3012_20210226,77933.61,0,0.967515751213509,48,0.8333333333333334,0.4447249083920786,10.394706904038205,4.843258042436688,135.35416666666666,1
XXXXX3016_20090817,0.0,0,1.0,48,1.0,0.4361040162427601,2.652518454190185,16.372347707049965,11.25,0
XXXXX3033_20130211,0.0,0,0.9930555555555555,48,0.9791666666666666,0.21387893256199889,0.4512006079027354,12.88432580424367,9.808510638297872,1
XXXXX3034_20110316,5749.44,0,1.0,48,1.0,0.03889713063052176,0.3745115067303516,14.795345653661876,35.375,0
XXXXX3058_20070907,285314.19,0,0.9998743640912765,48,0.9791666666666666,0.3236892364414149,302.6751025835865,18.316221765913756,7.25,0
XXXXX3064_20160530,2848.35,0,1.0,48,1.0,0.2948318401820611,0.07003039513677836,9.587953456536619,19.375,0
XXXXX3070_20200310,-55752.42,0,0.9997728331389483,0,0.9791666666666666,0.7862781770634288,239.85289405123748,5.809719370294319,6.1875,0
XXXXX3075_20130320,0.0,0,1.0,48,1.0,0.13993183165325684,1.117061984368216,12.78302532511978,11.708333333333334,0
XXXXX3081_20150630,-15187.5,0,1.0,48,1.0,0.2798420786415676,128.60065783760302,10.505133470225873,14.416666666666666,0
XXXXX3093_20200310,684.48,0,1.0,48,1.0,0.3178860234761933,2.510885801128962,5.809719370294319,15.5625,0
XXXXX3098_20110311,25287.6,0,1.0,48,1.0,0.21339275597102708,11.891692900564472,14.809034907597535,30.916666666666668,0
XXXXX3104_20101130,65780.72,0,1.0,48,1.0,0.30942214248175814,8.99698762483717,15.085557837097879,82.77083333333333,0
XXXXX3117_20050323,30666.22,0,1.0,48,1.0,0.30500459388279283,17.364123425966124,20.774811772758383,21.083333333333332,0
XXXXX3138_20060905,-102981.088576,0,1.0,48,1.0,0.5375333639313791,80.46557153712546,19.32101300479124,16.833333333333332,0
XXXXX3155_19920217,-154917.26,0,1.0,48,1.0,0.1893794480584666,353.69850195397294,33.869952087611225,18.4375,0
XXXXX3162_20180406,77584.86,0,1.0,48,1.0,0.6329405015663316,26.55308890577507,7.737166324435318,35.0,0
XXXXX3164_20081003,-8505.0,0,1.0,48,1.0,0.20279960676122266,3.5741174554928326,17.242984257357975,13.4375,0
XXXXX3166_20210303,30488.48,0,1.0,48,1.0,0.155071975760915,-6.63331469821971,4.829568788501026,19.833333333333332,0
XXXXX3170_20150707,-19440.0,0,1.0,0,1.0,0.15486428799543747,4.7437581415544905,10.485968514715948,12.5625,0
XXXXX3183_20081111,24949.36,0,1.0,48,1.0,0.0814362205452199,-1.9002203647416407,17.136208076659823,236.83333333333334,0
XXXXX3185_20111219,0.0,0,1.0,48,1.0,0.20715189567479497,1.5925711029092424,14.03422313483915,13.354166666666666,0
XXXXX3192_20040702,-587628.3844,0,1.0,0,1.0,1.160974228233224,107.70353723404254,21.49760438056126,17.75,0
XXXXX3198_20080529,13.5,0,1.0,48,1.0,0.10663972534029117,2.5230330004342125,17.590691307323752,11.75,0
XXXXX3205_20060207,73657.84,0,1.0,48,1.0,1.4345052161565477,35.934999457229694,19.89596167008898,412.8753888888889,0
XXXXX3206_20200311,19071.06,0,1.0,48,1.0,0.48163443708320686,1.6127659574468083,5.806981519507187,173.77083333333334,0
XXXXX3214_20071206,-197759.7,0,1.0,48,1.0,0.224825397620368,152.6669290056448,18.069815195071868,-12.229166666666666,0
XXXXX3229_20081117,-24624.65,0,1.0,48,1.0,0.14959169853630946,1.237083152409899,17.11978097193703,33.625,0
XXXXX3231_20200311,8372.0,0,0.746141975308642,48,0.7291666666666666,0.6151938888977496,-0.5378853669127234,5.806981519507187,104.63888888888889,1
XXXXX3233_20170428,391399.44,0,1.0,48,1.0,0.34016506639850996,138.38600466782452,8.676249144421629,45.020833333333336,0
XXXXX3237_20110421,243.0,0,0.9747512261837389,48,0.9791666666666666,0.29420115169859734,-2.073653929656969,14.69678302532512,24.170212765957448,1
XXXXX3239_20120522,143.0100000000001,0,1.0,48,1.0,0.23263020484702154,8.646324359531043,13.609856262833675,13.291666666666666,0
XXXXX3248_20111003,153484.47,0,0.9446394348620583,48,0.9166666666666666,0.42896612733155715,0.9473002605297394,14.245037645448322,156.17777777777778,1
XXXXX3254_20081216,15642.73,0,0.9930555555555555,48,0.9791666666666666,0.3606147828174159,-0.5932750759878417,17.0403832991102,76.51063829787235,1
XXXXX3255_20070226,119289.28,0,0.6458040249018364,48,0.6041666666666666,0.7977888779141168,-36.48615230134605,18.844626967830255,65.93548387096774,1
XXXXX3263_20041220,52783.822278,0,1.0,48,1.0,0.3021319345108129,61.194910985670845,21.02943189596167,57.770833333333336,0
XXXXX3266_20210304,-982.8000000000002,0,1.0,48,1.0,0.23721806251773017,39.292743703864495,4.826830937713894,12.229166666666666,0
XXXXX3267_20110403,0.0,0,1.0,48,1.0,0.12750982571830888,-0.15817683456361417,14.746064339493497,14.083333333333334,0
XXXXX3276_20131217,-4205.879999999999,0,1.0,48,1.0,0.38082726621479973,17.943967650890137,12.038329911019849,19.104166666666668,0
XXXXX3277_20071018,61058.14,0,0.503720238095238,48,0.5208333333333334,1.1048580520374962,1.4617346938775508,18.203969883641342,15.8,1
XXXXX3303_20091117,295760.18,0,1.0,48,1.0,0.2682864919799393,8.801147416413393,16.12046543463381,55.0625,0
XXXXX3323_20090113,907.6699999999998,0,1.0,48,1.0,0.15775974722380012,-2.5324364958749443,16.9637234770705,9.729166666666666,0
XXXXX3341_20140627,0.0,0,1.0,0,1.0,0.33496261214951095,10.532779526704298,11.512662559890487,9.6875,0
XXXXX3346_20170503,188956.08,0,1.0,48,1.0,0.2821475728281026,-33.91439155449413,8.66255989048597,103.6875,0
XXXXX3350_20090113,-2702.8399999999997,0,0.9795601196096947,48,0.9791666666666666,0.26250450901132855,6.2795858662614,16.9637234770705,24.085106382978722,1
XXXXX3366_20070205,246172.5,0,1.0,48,1.0,0.1990174670600143,-2.7880753365175805,18.902121834360027,219.10416666666666,0
XXXXX3368_20100726,-15851.400000000001,0,1.0,48,1.0,0.12540480659890926,12.590778875379941,15.433264887063656,8.395833333333334,0
XXXXX3371_20131021,53107.38,0,0.9791666666666666,48,0.9791666666666666,0.44537365496344655,10.374554928354316,12.19438740588638,64.39583333333333,1
XXXXX3378_20050531,26117.0,0,1.0,48,1.0,0.15176432991031774,1.6337445722970045,20.58590006844627,238.10416666666666,0
XXXXX3379_19920409,-15906.33,0,1.0,48,1.0,0.37311721891123756,12321.71538753799,33.72758384668035,85.04166666666667,0
XXXXX3388_20221108,7227.48,0,1.0,48,1.0,0.548941007247373,5.249117998263134,3.1457905544147846,59.791666666666664,0
XXXXX3395_20071009,165385.62,0,0.9583333333333334,48,0.9375,0.3347446732828138,-0.7283999131567528,18.22861054072553,412.8753888888889,1
XXXXX3414_20080515,88399.88,0,1.0,48,1.0,0.26441399275427635,52.69877008250106,17.6290212183436,46.645833333333336,0
XXXXX3417_20160613,-2004.08,0,0.9791666666666666,48,0.9583333333333334,0.394194694652225,1.0466348241424224,9.54962354551677,-7.173913043478261,1
XXXXX3427_20150727,20541.69,0,0.9696673461947767,48,0.9583333333333334,0.2743784554158307,11.8793030829353,10.431211498973306,19.72340425531915,1
XXXXX3441_20210310,0.0,0,1.0,48,1.0,0.6538532131130794,11.019300911854097,4.810403832991102,11.125,0
XXXXX3457_20200317,795.1600000000001,0,1.0,48,1.0,0.4223997436106346,13.23578864524533,5.790554414784395,17.3125,0
XXXXX3461_20210310,-846.5799999999999,0,1.0,48,1.0,0.3370808504043065,6.2834797003907905,4.810403832991102,7.5625,0
XXXXX3468_20111020,37506.32,0,0.9583333333333334,48,0.9375,0.41069245203747795,3.461030178028659,14.198494182067078,74.68888888888888,1
XXXXX3470_20070723,15553.8,0,1.0,48,1.0,0.4754615042209161,12.531287451150671,18.442162902121833,66.10416666666667,0
XXXXX3485_20150729,-1139.58,0,1.0,48,1.0,0.2903680175590677,28.686397090751196,10.425735797399042,10.583333333333334,0
XXXXX3489_20130301,1908.94,0,1.0,48,1.0,0.4375530835753746,-1.8412402301346056,12.83504449007529,17.625,0
XXXXX3512_20140714,21978.0,0,1.0,48,1.0,0.28335660553941233,0.3861539296569687,11.46611909650924,105.64583333333333,0
XXXXX3513_20210311,-48634.880000000005,0,1.0,48,1.0,0.7929582573068852,227.3845386452453,4.80766598220397,-0.020833333333333332,0
XXXXX3515_20191217,32344.68,0,0.9930555555555555,48,0.9791666666666666,0.2821127417914567,0.640414676508901,6.039698836413415,153.87234042553192,1
XXXXX3518_20050704,-45.72000000000003,0,1.0,48,1.0,0.23037528054889891,7.930159574468081,20.49281314168378,9.520833333333334,0
XXXXX3521_20060426,-43069.68,0,1.0,0,1.0,0.24860163215668618,11.108212114633083,19.682409308692677,8.020833333333334,0
XXXXX3521_20180417,0.0,0,1.0,48,1.0,0.20197650401507128,2.762975466782456,7.707049965776865,13.916666666666666,0
XXXXX3521_20191217,405.0,0,1.0,48,1.0,0.3124051767123341,1.9447991749891442,6.039698836413415,13.416666666666666,0
XXXXX3525_20081002,0.0,0,1.0,48,1.0,0.3058534731192702,3.796647850629612,17.245722108145106,13.4375,0
XXXXX3525_20120717,5320.35,0,1.0,48,1.0,0.13059846015140372,4.715327833260965,13.456536618754278,24.1875,0
XXXXX3539_20100416,-4146.530000000001,0,1.0,48,1.0,0.31149970431038715,4.424072405557967,15.709787816563997,9.1875,0
XXXXX3543_20210311,-1161.0,0,1.0,48,1.0,0.26183508328036353,2.707473947025618,4.80766598220397,8.958333333333334,0
XXXXX3559_20091026,145900.32,0,1.0,48,1.0,0.2702625152429642,38.88542553191489,16.18069815195072,53.4375,0
XXXXX3574_20070405,-16160.248223999999,0,1.0,0,1.0,0.2491604598900897,55.40778983933998,18.740588637919235,8.145833333333334,0
XXXXX3630_20200320,-1475.5900000000001,0,1.0,48,1.0,0.44466752697726836,1.1703799392097258,5.782340862422998,4.6875,0
XXXXX3630_20210312,4576.1900000000005,0,0.8749998663476117,48,0.8541666666666666,0.4492535011743774,-1.3067797438124185,4.804928131416838,22.073170731707318,1
XXXXX3632_20070515,208838.56,0,1.0,48,1.0,0.23112088884849305,62.92653061224488,18.63107460643395,115.5,0
XXXXX3632_20211022,1158.8200000000002,0,0.9375,48,0.9375,0.3016430014781433,0.29675531914893605,4.191649555099247,18.066666666666666,1
XXXXX3637_20150807,-154564.22,0,1.0,48,1.0,0.17911451291205027,-54.474547872340445,10.401095140314853,1.8125,0
XXXXX3645_20051212,3846.78,0,1.0,48,1.0,0.4507863028295549,50.68643942683456,20.05201916495551,18.833333333333332,0
XXXXX3647_20210315,53234.46,0,0.8140363095286648,48,0.7916666666666666,0.6763415018418923,-0.9087570560138961,4.7967145790554415,201.23076923076923,1
XXXXX3648_20110602,-9777.67,0,1.0,48,1.0,0.14985537460756432,6.051137103777649,14.581793292265571,14.645833333333334,0
XXXXX3676_20070815,25183.655,0,0.9930555555555555,48,0.9791666666666666,0.4291296392084005,-2.4953034085974806,18.379192334017795,36.12765957446808,1
XXXXX3683_20101028,14577.71,0,1.0,48,1.0,0.3411045327932847,72.2342830004342,15.175906913073238,149.27083333333334,0
XXXXX3692_20090417,702.28,0,0.9951923076923076,48,0.9791666666666666,0.24942862134246427,4.347336083369518,16.706365503080082,31.333333333333332,0
XXXXX3698_20180420,25792.05,0,1.0,48,1.0,0.3359843266191895,8.56760692574902,7.698836413415469,43.833333333333336,0
XXXXX3719_20210316,-3989172.68,0,1.0,48,1.0,0.34737125461357315,4514.605785931391,4.7939767282683095,6.020833333333333,0
XXXXX3730_20120802,24545.25,0,0.9897263822837851,48,0.9166666666666666,0.20075349562900968,18.129444203213193,13.412731006160165,12.895833333333334,0
XXXXX3732_20090225,-1286.47,0,1.0,48,1.0,0.1138166455000856,2.20828647416413,16.84599589322382,11.5,0
XXXXX3733_20170516,51936.6,0,0.9980042141500475,48,0.9791666666666666,0.21190210135649717,7.235960703430313,8.626967830253252,66.47916666666667,0
XXXXX3757_20150814,1422.95,0,1.0,48,1.0,0.35066056566049547,-2.1648301128962237,10.381930184804927,9.166666666666666,0
XXXXX3770_20110622,22769.69,0,1.0,48,1.0,0.42697799032333345,4.5646634824142405,14.52703627652293,55.291666666666664,0
XXXXX3771_20140731,-27901.74,0,1.0,48,1.0,1.2032549094450917,18.429111485019515,11.419575633127995,25.270833333333332,0
XXXXX3782_20110927,42736.69,0,1.0,48,1.0,0.15505806597727953,5.394556013894915,14.261464750171116,68.1875,0
XXXXX3790_20200325,5015.03,0,1.0,48,1.0,0.15332141399729185,0.6342515197568386,5.768651608487337,61.791666666666664,0
XXXXX3796_20111221,-27355.75,0,1.0,48,1.0,0.17109510241485648,13.756098567086399,14.028747433264886,7.354166666666667,0
XXXXX3796_20210317,0.0,0,1.0,48,1.0,0.20821882494237978,59.850640468953536,4.791238877481177,14.541666666666666,0
XXXXX3803_20131004,22527.9,0,1.0,48,1.0,0.04448087347026517,0.7988737516283249,12.240930869267626,40.291666666666664,0
XXXXX3805_20100531,40039.93,0,0.9962441899032229,48,0.9375,0.16525578836616406,19.330079244463736,15.586584531143053,33.416666666666664,0
XXXXX3811_20211028,6980.68,0,0.8324494985393894,48,0.8125,0.49817361363437745,-0.8821406860616583,4.175222450376454,82.07692307692308,1
XXXXX3819_20160628,-22464.489999999998,0,1.0,48,1.0,0.10561189076566654,5.900635041250549,9.508555783709788,9.833333333333334,0
XXXXX3820_20170517,148992.75,0,0.9552427324864788,48,0.9375,0.38068413192404316,16.690056448111157,8.624229979466119,54.638297872340424,1
XXXXX3821_20200327,3218.73,0,1.0,48,1.0,0.23171670858825816,49.97631567520621,5.763175906913073,14.5625,0
XXXXX3849_20210318,89973.63,0,0.7033604906089187,48,0.7083333333333334,0.72754647350583,0.6322666087711643,4.788501026694045,71.97058823529412,1
XXXXX3852_20080418,0.0,0,1.0,48,1.0,0.27695353949960366,1.4735627442466348,17.702943189596166,30.9375,0
XXXXX3861_20210318,315.5999999999997,0,1.0,48,1.0,1.4345052161565477,9.10077616152844,4.788501026694045,76.64583333333333,0
XXXXX3875_20190408,20209.98,0,1.0,48,1.0,0.21590704344348163,-0.7767889709075124,6.7323750855578375,133.64583333333334,0
XXXXX3897_20140811,33686.15,0,0.9930555555555555,48,0.9791666666666666,0.4451130892557915,7.269811115935735,11.38945927446954,66.02127659574468,1
XXXXX3914_20130103,2687.85,0,1.0,48,1.0,0.4862461906212097,2.931252713851497,12.991101984941821,33.9375,0
XXXXX3925_20150824,23411.77,0,1.0,48,1.0,0.2643835507264711,2.365627442466347,10.354551676933607,69.125,0
XXXXX3926_20140813,1238.0,0,0.9166666666666666,48,0.8958333333333334,0.4909088744562386,1.0448871037776812,11.383983572895277,21.13953488372093,1
XXXXX3929_20121102,45151.56,0,0.4583333333333333,48,0.4375,1.2451791406775188,-3.114657511940945,13.160848733744011,94.04761904761905,1
XXXXX3937_20150824,19350.0,0,1.0,48,1.0,0.0,2.5476504784001784e-16,10.354551676933607,99.64583333333333,0
XXXXX3938_20100120,-2031.75,0,1.0,48,1.0,0.1956420279496253,7.885380481980023,15.945242984257359,16.291666666666668,0
XXXXX3940_20211102,2611.34,0,1.0,48,1.0,0.03164758813250687,0.10910768562744252,4.161533196440794,39.416666666666664,0
XXXXX3943_20150824,888.87,0,1.0,0,1.0,0.31208332704008157,-5.275388080764223,10.354551676933607,10.333333333333334,0
XXXXX3945_20211103,7074.5,0,1.0,48,1.0,0.17112319467439133,2.162696482848457,4.158795345653662,34.166666666666664,0
XXXXX3951_20190409,309749.93,0,1.0,48,1.0,0.5845427868843291,456.84718736430733,6.729637234770705,37.916666666666664,0
XXXXX3952_20100126,112308.26,0,0.9593082922824302,48,0.9375,0.5957722904090085,4.489149478940513,15.928815879534566,199.6888888888889,1
XXXXX3966_20140814,1767.9600000000028,0,1.0,48,1.0,0.13634442990736984,97.16050640468946,11.381245722108146,18.270833333333332,0
XXXXX3977_20160707,16402.5,0,1.0,48,1.0,0.2291028826197695,7.37869083803734,9.483915126625599,35.8125,0
XXXXX3988_20211104,41233.08,0,0.9332282648047635,48,0.8541666666666666,0.5185744931620536,10.033837386018234,4.15605749486653,36.54347826086956,1
XXXXX3997_20110131,8706.73,0,1.0,48,1.0,0.30933087553088573,6.467785497177597,14.915811088295689,60.916666666666664,0
XXXXX4002_20101119,-3297.58,0,1.0,48,1.0,0.20930331676054525,7.513223512809379,15.11567419575633,3.5,0
XXXXX4031_20131204,-685.6500000000001,0,0.9656250000000001,48,0.9375,0.22856578814884976,1.2620864090316986,12.073921971252567,22.229166666666668,1
XXXXX4033_20090204,29019.85,0,1.0,48,1.0,0.3150839971426688,192.69153495440725,16.903490759753595,15.895833333333334,0
XXXXX4035_19920410,28378.217184,0,0.9840457786869236,48,0.9583333333333334,0.34117644190054813,4.369950607902734,33.724845995893226,91.1875,1
XXXXX4057_20100901,219094.4,0,0.820307998123403,48,0.7916666666666666,0.5033063933223867,-12.63896113764655,15.331964407939767,176.46153846153845,1
XXXXX4063_20150831,-53389.52999999999,0,1.0,48,1.0,0.4170396575971169,1303.5113319583147,10.335386721423683,13.75,0
XXXXX4066_20190410,3481.02,0,1.0,48,1.0,0.031843624056098904,0.21982739904472423,6.7268993839835725,32.479166666666664,0
XXXXX4069_19920907,-3712.2100000000005,0,1.0,48,1.0,0.08214735449660843,0.649976118106817,33.31416837782341,12.458333333333334,0
XXXXX4070_20120614,7792.4,0,0.9930555555555555,48,0.9791666666666666,0.2838285825889549,-1.509120712114632,13.546885694729637,56.61702127659574,1
XXXXX4073_20130529,9520.68,0,1.0,48,1.0,0.32073711920156595,-2.4058098132870174,12.591375770020534,44.875,0
XXXXX4079_20160711,61894.71,0,1.0,48,1.0,0.03164758813250684,0.32732305688232666,9.47296372347707,67.10416666666667,0
XXXXX4096_20120903,100517.5,0,1.0,48,1.0,0.04397894328004483,-1.7246960486322307,13.325119780971937,58.875,0
XXXXX4100_20140822,8874.9,0,1.0,48,1.0,0.2704138356334049,4.173938884064262,11.359342915811089,42.458333333333336,0
XXXXX4102_20200429,-2152.74,0,1.0,48,1.0,0.27861763480978013,4.342451150673034,5.672826830937714,82.875,0
XXXXX4111_20101130,-3970.26,0,1.0,48,1.0,0.10003431920771902,1.4596661962657387,15.085557837097879,11.645833333333334,0
XXXXX4132_20190411,-15732.92,0,1.0,48,1.0,0.3655062500764712,13.78280123751628,6.72416153319644,-11.520833333333334,0
XXXXX4135_20210326,54.0,0,1.0,48,1.0,0.3997290461545047,4.853669127225357,4.766598220396989,45.020833333333336,0
XXXXX4138_20110126,-3222.75,0,1.0,48,1.0,0.15529318651326016,0.6426834563612674,14.929500342231348,-32.354166666666664,0
XXXXX4152_20150903,0.0,0,1.0,48,1.0,0.9315609799990414,5.244003473729915,10.327173169062286,13.666666666666666,0
XXXXX4152_20170526,95860.27,0,1.0,48,1.0,0.13921570849983747,1.1240642640034741,8.59958932238193,11.5,0
XXXXX4190_20090531,-6463.85,0,1.0,48,1.0,0.4221378155835007,4.540447242726879,16.58590006844627,80.79166666666667,0
XXXXX4221_20140829,-36923.44,0,1.0,48,1.0,0.08118198888414686,2.9809389926183263,11.340177960301164,-14.145833333333334,0
XXXXX4251_20111122,-10659.96,0,1.0,48,1.0,0.2603412352581956,1.7091283108988289,14.108145106091717,2.6458333333333335,0
XXXXX4276_20140904,-231432.25,0,1.0,48,1.0,0.15739175625160212,29.55176671732522,11.323750855578371,22.354166666666668,0
XXXXX4280_20090420,-2703.46,0,1.0,48,1.0,0.16299342358993374,-0.3310654580981322,16.698151950718685,1.6458333333333333,0
XXXXX4281_20210330,1755.0,0,1.0,48,1.0,0.3394576187180265,51.832555362570545,4.75564681724846,17.1875,0
XXXXX4293_20100709,-4605.68,0,1.0,48,1.0,0.14407147962628797,2.374572297003908,15.4798083504449,-5.479166666666667,0
XXXXX4314_20211115,0.0,0,1.0,48,1.0,0.0930226071577009,0.4552903821102878,4.125941136208077,11.229166666666666,0
XXXXX4324_20131113,49.32,0,1.0,48,1.0,0.34330570532760113,16.675269214068607,12.131416837782341,12.354166666666666,0
XXXXX4334_20190416,5864.49,0,1.0,48,1.0,0.6590767456659595,1.8290333260963954,6.71047227926078,18.270833333333332,0
XXXXX4334_20200512,-7314.84,0,1.0,48,1.0,0.16143418733793952,1.2203343465045582,5.637234770704997,-26.458333333333332,0
XXXXX4363_20121228,0.0,0,1.0,0,1.0,0.22237953593943816,87.4737364307425,13.007529089664613,6.416666666666667,0
XXXXX4363_20160726,8831.4,0,0.9501886145404663,48,0.9166666666666666,0.28769199165450077,-0.10313721233174104,9.431895961670088,115.42222222222222,1
XXXXX4376_20170601,106399.07,0,0.9995695568864774,48,0.9791666666666666,0.23231417825158562,116.9955503690838,8.583162217659138,31.291666666666668,0
XXXXX4383_20211117,27340.14,0,0.8916847041847041,48,0.8958333333333334,0.6461392944887276,6.0895690403821074,4.120465434633813,125.62790697674419,1
XXXXX4417_20210401,0.0,0,1.0,48,1.0,0.2829812102770002,72.78707392531479,4.7501711156741955,12.729166666666666,0
XXXXX4429_20200514,3258.2000000000003,0,0.9583333333333334,48,0.9375,0.31383507241082953,0.16454950065132415,5.631759069130732,35.577777777777776,1
XXXXX4432_20180514,11247.87,0,0.9930555555555555,48,0.9791666666666666,0.2910368098376243,5.7110377768128515,7.6331279945242985,30.48936170212766,1
XXXXX4435_20160728,-378.40999999999997,0,1.0,48,1.0,0.15147906099571126,0.624769865392966,9.426420260095824,9.041666666666666,0
XXXXX4437_20150923,-294.08000000000004,0,1.0,48,1.0,0.1519499377425168,0.6270386452453323,10.272416153319645,9.9375,0
XXXXX4440_20190418,20618.32,0,1.0,48,1.0,0.25254813766016226,62.07749348675639,6.704996577686516,22.020833333333332,0
XXXXX4441_20211118,0.0,0,1.0,0,1.0,0.17618453237260623,7.997856057316534,4.117727583846681,9.9375,0
XXXXX4442_19910703,-148901.56,0,1.0,48,1.0,0.38028479975978785,162.0499587494572,34.496919917864474,7.708333333333333,0
XXXXX4461_20190418,3895.3599999999997,0,1.0,48,1.0,0.219217465893437,453.50701313504123,6.704996577686516,18.0625,0
XXXXX4469_20150925,50677.68,0,1.0,48,1.0,0.6156980732735462,119.699704732957,10.26694045174538,41.666666666666664,0
XXXXX4471_20220406,1602.32,0,1.0,48,1.0,0.22134337624361472,-0.061439426834563715,3.7371663244353184,23.395833333333332,0
XXXXX4480_20160729,-3452.5,0,1.0,48,1.0,0.15590938027077275,1.2931914893617025,9.423682409308693,0.375,0
XXXXX4520_20210407,72025.88,0,0.9375,48,0.9166666666666666,0.687626450021225,-0.10056068171949697,4.733744010951403,186.72727272727272,1
XXXXX4546_20160803,1951.83,0,1.0,48,1.0,0.2430410641237744,9.204256404689529,9.409993155373032,23.354166666666668,0
XXXXX4554_20180516,78997.91,0,1.0,48,1.0,0.8189050807404958,-19.93321645679548,7.627652292950034,188.10416666666666,0
XXXXX4570_20101027,169043.73,0,0.9379794352180183,48,0.9166666666666666,0.35979438863234137,1.192905449413799,15.178644763860369,86.45454545454545,1
XXXXX4570_20220408,28470.3,0,1.0,48,1.0,0.1740361343907892,7.4072090751194155,3.7316906228610542,21.3125,0
XXXXX4572_20121018,20783.25,0,0.9930555555555555,48,0.9791666666666666,0.7228243307757126,23.047600955275723,13.201916495550993,29.46808510638298,1
XXXXX4583_20160804,-2088.0,0,1.0,48,1.0,0.16133249296053864,0.6591190838037339,9.4072553045859,-10.6875,0
XXXXX4585_20110311,5316.0599999999995,0,1.0,48,1.0,0.38224665599177543,45.238504667824564,14.809034907597535,36.125,0
XXXXX4600_20110920,41094.0,0,1.0,48,1.0,0.3925003771979381,7.3491858445505835,14.28062970568104,15.791666666666666,0
XXXXX4613_20130724,-37000.28,0,1.0,48,1.0,0.37721093979573295,116.23238927485883,12.438056125941136,6.666666666666667,0
XXXXX4614_20130729,3809.01,0,1.0,0,1.0,0.3804253524758105,76.38796895353885,12.424366872005475,20.208333333333332,0
XXXXX4621_20190425,25655.87,0,0.9791666666666666,48,0.9583333333333334,0.3294958118842433,-0.9859764437689977,6.685831622176591,95.04347826086956,1
XXXXX4623_20210409,60370.44,0,0.35555555555555557,48,0.3333333333333333,1.4345052161565477,-15.458576313504121,4.728268309377139,249.5,1
XXXXX4633_20211125,67836.56,0,1.0,48,1.0,0.5609143461810866,-9.052302974381236,4.098562628336755,127.45833333333333,0
XXXXX4636_20131009,64958.6,0,0.3958333333333333,48,0.375,1.4344868443069692,-5.496733608336951,12.227241615331964,412.8753888888889,1
XXXXX4654_20090406,-32400.100000000002,0,1.0,48,1.0,0.22629466974206003,9.044549500651323,16.736481861738536,-22.1875,0
XXXXX4657_20130116,124859.69,0,0.9793886120546386,48,0.9583333333333334,0.24192548998619245,-1.860800586191929,12.955509924709103,84.04347826086956,1
XXXXX4660_20140930,864.86,0,1.0,48,1.0,0.16356742399234353,1.345280069474598,11.252566735112936,13.0625,0
XXXXX4660_20220411,9204.41,0,1.0,48,1.0,0.343347145326191,9.006108879722103,3.7234770704996576,33.520833333333336,0
XXXXX4674_20111129,-30351.94,0,1.0,48,1.0,0.7000707497067693,86.2219138080764,14.088980150581794,8.75,0
XXXXX4679_20140930,-8439.32,0,1.0,48,1.0,0.2283867789849105,18.580900455927047,11.252566735112936,12.8125,0
XXXXX4685_20151006,0.0,0,1.0,48,1.0,0.15529554783804733,3.2109558184976095,10.236824093086927,9.833333333333334,0
XXXXX4690_20250417,99904.04999999999,0,0.9906862857715523,48,0.9583333333333334,1.2626297046112007,9.49594279201042,0.7063655030800822,412.8753888888889,0
XXXXX4697_19910703,-13046.956432,0,1.0,48,1.0,0.14745780195092342,0.6150314806773775,34.496919917864474,106.58333333333333,0
XXXXX4707_20210412,123852.95999999999,0,0.9168272416947056,48,0.9375,0.3491547167854337,119.16904580981317,4.720054757015743,36.5531914893617,1
XXXXX4722_20151008,-3453.3,0,1.0,0,1.0,0.34124087470521774,15.905887972210158,10.231348391512663,3.6458333333333335,0
XXXXX4726_20190426,2737.78,0,1.0,48,1.0,0.15147906099571126,1.249539730785932,6.683093771389459,29.25,0
XXXXX4727_20100331,-6255.0,0,1.0,48,1.0,0.15978325722615633,0.8963851498046024,15.75359342915811,-15.4375,0
XXXXX4733_20200528,6210.0,0,1.0,48,1.0,0.30820952195373424,23.29380156317845,5.593429158110883,17.166666666666668,0
XXXXX4737_20190429,39710.85,0,0.7118639494469595,48,0.7083333333333334,0.6690476008859347,3.398019973947024,6.674880219028063,39.11764705882353,1
XXXXX4761_20211130,10490.95,0,0.9791666666666666,48,0.9583333333333334,0.3202070040238363,1.1598968736430733,4.084873374401095,66.02173913043478,1
XXXXX4766_20151012,98.64,0,1.0,48,1.0,0.1226694771939535,5.412892965696915,10.220396988364135,12.25,0
XXXXX4805_20151013,5180.360000000001,0,0.9375,48,0.9166666666666666,0.34794153308601583,-0.9321233174120721,10.217659137577002,35.45454545454545,1
XXXXX4807_20180523,30061.06,0,1.0,48,1.0,0.03722317233672351,-0.15681068171949755,7.60848733744011,43.604166666666664,0
XXXXX4812_20200601,14040.0,0,1.0,48,1.0,0.0,9.543934200380388e-16,5.582477754962355,45.708333333333336,0
XXXXX4814_20131030,-10601.92,0,1.0,48,1.0,0.4355919181573338,71.7359585323491,12.16974674880219,35.104166666666664,0
XXXXX4839_20180523,18422.78,0,0.8975694444444445,48,0.875,0.533183187380196,0.138566543638731,7.60848733744011,126.66666666666667,1
XXXXX4852_20190502,28489.36,0,0.7466802628117533,48,0.4583333333333333,0.3198835430587008,6.707722535822839,6.666666666666667,28.47826086956522,1
XXXXX4874_20190503,-9496.99,0,1.0,48,1.0,0.11463182425922423,0.910474924012159,6.663928815879535,-9.354166666666666,0
XXXXX4882_20180524,7310.0,0,0.9166666666666666,48,0.8958333333333334,0.4351235053254396,0.1671732522796352,7.605749486652978,30.88372093023256,1
XXXXX4913_20131224,32367.32,0,0.9722222222222222,48,0.9583333333333334,0.25149545810383284,-0.21451584889274966,12.019164955509925,48.95652173913044,1
XXXXX4917_20090420,-36130.29,0,1.0,48,1.0,0.45165061839473863,5.2123491098567065,16.698151950718685,6.4375,0
XXXXX4920_20200605,-5363.38,0,1.0,48,1.0,0.36160704725373094,0.21157294832826612,5.5715263518138265,-7.5,0
XXXXX4927_20200605,567.5,0,1.0,48,1.0,0.06653175522208991,0.16228831958315185,5.5715263518138265,16.666666666666668,0
XXXXX4933_20130605,0.0,0,1.0,48,1.0,0.09187111866180206,-0.8441163699522353,12.572210814510608,12.708333333333334,0
XXXXX4940_20180528,1682.3700000000001,0,0.9980339407648579,48,0.9791666666666666,0.19746965392660684,-5.372331741207122,7.594798083504449,9.833333333333334,0
XXXXX4943_20211207,-282.66,0,1.0,48,1.0,0.21124901140289462,0.8434715588363003,4.0657084188911705,3.3125,0
XXXXX4947_20130906,49453.020000000004,0,0.7083333333333334,48,0.6875,0.7017647113937124,-4.259710160660005,12.317590691307323,288.1212121212121,1
XXXXX4955_20151021,8762.67,0,0.9959070483796548,48,0.9166666666666666,0.5757898089052569,43.76632164567953,10.195756331279945,19.25,0
XXXXX4968_20180529,14108.42,0,1.0,48,1.0,0.5511621955620429,4.181407946157185,7.592060232717317,103.35416666666667,0
XXXXX5034_20220425,6337.8,0,1.0,0,1.0,0.10312394826407573,0.053196917064697695,3.685147159479808,20.1875,0
XXXXX5042_20180530,28552.5,0,1.0,48,1.0,0.45501251592523856,27.828728831958305,7.5893223819301845,36.854166666666664,0
XXXXX5048_20110311,2728.24,0,0.9828869371514002,48,0.9375,0.40727209933965114,4.130719713417279,14.809034907597535,53.57446808510638,1
XXXXX5072_19910621,-99851.02951699999,0,0.9997130409438313,48,0.9791666666666666,0.06536079506652177,18.42260095527576,34.52977412731006,16.604166666666668,0
XXXXX5073_20211210,-76826.68,0,1.0,48,1.0,0.551495380966571,99.67466239687363,4.057494866529774,3.5416666666666665,0
XXXXX5094_20180531,8298.04,0,1.0,48,1.0,0.27896798130968536,90.40787776812847,7.586584531143052,13.729166666666666,0
XXXXX5167_20090105,30269.25,0,1.0,48,1.0,0.12850868002280574,-0.5422796352583574,16.985626283367555,126.10416666666667,0
XXXXX5171_20211215,1751.4399999999998,0,1.0,48,1.0,0.4915093615367285,1.2672020191055136,4.043805612594114,40.333333333333336,0
XXXXX5183_20211215,3240.0,0,1.0,48,1.0,0.17184014278772541,1.0495766391663044,4.043805612594114,44.125,0
XXXXX5196_20170623,56256.72,0,0.9590742057847321,48,0.9583333333333334,0.297225777694901,4.687688341293962,8.522929500342231,35.369565217391305,1
XXXXX5201_20170627,-42230.17,0,1.0,48,1.0,0.5794428267143215,564.1127290490663,8.511978097193703,11.979166666666666,0
XXXXX5222_20130422,36234.36,0,1.0,48,1.0,0.8393075125191765,6.732661745549282,12.692676249144421,117.125,0
XXXXX5223_20180605,18425.88,0,0.9930555555555555,48,0.9791666666666666,0.7331669805630312,41.88389003473729,7.572895277207392,16.25531914893617,1
XXXXX5223_20190510,-7209.0,0,1.0,0,1.0,0.1334856406922763,0.9496309161962659,6.6447638603696095,-26.5625,0
XXXXX5228_20200615,80017.65,0,0.9450260732988762,48,0.9375,0.7958893281065993,-11.999045809813282,5.544147843942505,91.13333333333334,1
XXXXX5230_20190510,1633.5,0,0.9992007774298979,48,0.9791666666666666,0.2978281453863673,40.05595961788969,6.6447638603696095,14.208333333333334,0
XXXXX5233_20160901,7276.32,0,1.0,48,1.0,0.31870529394398694,1.5300390794615708,9.330595482546201,74.14583333333333,0
XXXXX5235_20151106,-67.5,0,1.0,48,1.0,0.2788006537991058,31.989425206252697,10.151950718685832,13.0,0
XXXXX5244_20141106,9053.14,0,0.9236111111111112,48,0.9166666666666666,0.3320845545298998,-0.2753587711680419,11.151266255989048,51.75,1
XXXXX5245_20190510,56672.58,0,1.0,48,1.0,0.21412800490096587,3.044676508901433,6.6447638603696095,131.47916666666666,0
XXXXX5249_20210423,0.0,0,1.0,0,1.0,0.142441438489614,-2.363255536257053,4.689938398357289,12.75,0
XXXXX5252_20211217,12312.0,0,0.8125,48,0.7916666666666666,0.5576026517426348,-1.448450390794615,4.03832991101985,80.1842105263158,1
XXXXX5252_20230421,7128.54,0,1.0,48,1.0,0.3846192210298763,3.718254450716456,2.6967830253251197,78.72916666666667,0
XXXXX5257_20151109,-44532.05,0,0.9795259906512982,48,0.9583333333333334,0.3261146037068938,8.692363221884492,10.143737166324435,-3.369565217391304,1
XXXXX5263_20090601,7892.44,0,1.0,48,1.0,0.09481286049295166,0.35435464611376244,16.583162217659137,70.8125,0
XXXXX5265_20210423,34183.24,0,0.9941666666666666,48,0.9791666666666666,0.7937834055120625,34.233184976118096,4.689938398357289,56.212765957446805,1
XXXXX5271_20211217,810.0,0,1.0,48,1.0,0.47902361112649333,26.583803734259657,4.03832991101985,12.645833333333334,0
XXXXX5273_20160905,51949.5,0,0.9930555555555555,48,0.9791666666666666,0.31416001273191957,16.669832826747715,9.319644079397673,105.0,1
XXXXX5284_20160905,6885.0,0,1.0,48,1.0,0.21347823485463138,-6.032647633521491,9.319644079397673,14.916666666666666,0
XXXXX5292_20190513,440.0,0,1.0,48,1.0,0.11499137645032562,1.0931393834129406,6.636550308008213,16.083333333333332,0
XXXXX5316_20160906,-12909.67,0,1.0,48,1.0,0.37500750393521215,28.20756838905775,9.316906228610542,7.9375,0
XXXXX5346_20211221,0.0,0,1.0,48,1.0,0.2820260587972889,10.43441760746851,4.027378507871321,12.416666666666666,0
XXXXX5359_20190514,-1012.5,0,1.0,48,1.0,0.2563884300492822,2.6011843247937465,6.633812457221081,8.104166666666666,0
XXXXX5361_20190514,582.32,0,1.0,48,1.0,0.0871409189715803,1.9776769431176735,6.633812457221081,23.520833333333332,0
XXXXX5364_20170630,9268.97,0,1.0,48,1.0,0.1273748787956467,0.5150347372991749,8.503764544832306,106.75,0
XXXXX5367_20160908,1066478.3652999983,0,0.9880484361914664,48,0.625,0.4478790546916368,578.3572112462004,9.311430527036277,213.35416666666666,0
XXXXX5380_20160909,121277.25,0,0.5416666666666666,48,0.5208333333333334,1.0117026396786757,-5.297709509335649,9.308692676249144,412.8753888888889,1
XXXXX5389_20180608,13551.84,0,0.9828869047619048,48,0.9583333333333334,0.32488363750252053,-0.26343519322622533,7.564681724845996,58.04347826086956,1
XXXXX5400_20200619,4252.5,0,1.0,48,1.0,0.30735660901692513,1.8201259227095083,5.533196440793977,16.333333333333332,0
XXXXX5409_20211224,41650.35,0,1.0,0,1.0,0.4809294153410536,-2.220766934433349,4.0191649555099245,183.16666666666666,0
XXXXX5415_20130221,11356.09,0,0.7075617283950617,48,0.6666666666666666,0.7315679957278167,-2.4858792878853664,12.856947296372347,112.12121212121212,1
XXXXX5427_20160913,717.32,0,1.0,48,1.0,0.2948142868178175,-19.81326747720364,9.297741273100616,9.8125,0
XXXXX5436_20141120,-299.02,0,1.0,48,1.0,0.26084319574072645,3.1581089882761617,11.1129363449692,5.979166666666667,0
XXXXX5452_20211231,2079.0,0,1.0,48,1.0,0.36891242416112496,21.401110508032996,4.0,14.291666666666666,0
XXXXX5452_20240426,213516.0,0,0.44183167846868443,48,0.4583333333333333,1.1518623088056803,85.20739253148065,1.68104038329911,17.772727272727273,1
XXXXX5460_20120528,-150694.91999999998,0,1.0,0,1.0,0.3173965584899937,7.870464611376464,13.593429158110883,28.229166666666668,0
XXXXX5465_19910827,-8236.800000000001,0,1.0,48,1.0,0.1289816660317466,10.408507381676028,34.34633812457221,13.708333333333334,0
XXXXX5465_20160915,3428.2799999999997,0,1.0,48,1.0,0.2153686331136024,54.15744518019972,9.292265571526352,24.854166666666668,0
XXXXX5487_20131204,27670.84,0,0.9791666666666666,48,0.9791666666666666,0.2920587437251728,8.077539079461568,12.073921971252567,44.04255319148936,1
XXXXX5493_20141125,4590.0,0,1.0,48,1.0,0.4000791918039839,17.774804602692136,11.099247091033538,14.875,0
XXXXX5497_20141125,1940.01,0,1.0,48,1.0,0.25144797390742074,0.8869615718627877,11.099247091033538,105.02083333333333,0
XXXXX5505_20151120,16653.0,0,1.0,48,1.0,0.48529807884057996,8.47020191055145,10.113620807665983,56.6875,0
XXXXX5515_20170706,25447.5,0,0.9166666666666666,48,0.8958333333333334,0.34460570588493056,-2.0480080330004347,8.487337440109513,116.81395348837209,1
XXXXX5527_20151123,-2105.71,0,1.0,48,1.0,0.21178822389651494,-0.9281920321320014,10.105407255304586,-4.395833333333333,0
XXXXX5544_20160919,731595.4400000001,0,0.9423134744737075,48,0.9375,0.36329995740297644,-10.703844984802432,9.281314168377824,222.62222222222223,1
XXXXX5545_20220511,23225.92,0,0.9649305555555556,48,0.9375,0.28460961342276836,-0.23142694311767315,3.6413415468856947,207.2173913043478,1
XXXXX5555_20160919,0.0,0,1.0,48,1.0,0.12856754089189434,2.8110323491098566,9.281314168377824,7.0,0
XXXXX5558_20130522,-26391.38,0,1.0,48,1.0,0.21015900674364632,27.550163916630478,12.61054072553046,9.145833333333334,0
XXXXX5559_20170707,659.37,0,1.0,48,1.0,0.45909362413293575,4.4925488493269645,8.484599589322382,16.770833333333332,0
XXXXX5573_20160920,-945.0,0,1.0,48,1.0,0.13252397630702223,1.7549120712114648,9.27857631759069,12.0625,0
XXXXX5602_20160922,56187.05,0,0.875,48,0.8541666666666666,0.7313466190030494,-3.5350949848024302,9.273100616016427,82.85365853658537,1
XXXXX5608_20170707,4387.5,0,1.0,48,1.0,0.202995967023232,2.6781643508467217,8.484599589322382,32.958333333333336,0
XXXXX5613_20200626,145.8,0,1.0,48,1.0,0.28900375725852945,3.383060138949195,5.514031485284052,10.0,0
XXXXX5626_19910705,-2092732.7200000002,0,1.0,0,1.0,0.18615545067581288,981.3875792444628,34.49144421629021,18.375,0
XXXXX5642_20130507,555.88,0,1.0,48,1.0,0.1519499377425168,0.6270386452453323,12.65160848733744,-3.25,0
XXXXX5644_20120522,-2595.08,0,1.0,0,1.0,0.22474121451564077,1.6602257924446375,13.609856262833675,1.1666666666666667,0
XXXXX5644_20180618,0.0,0,1.0,48,1.0,0.24553742029471043,1.3689877333912293,7.537303216974675,11.854166666666666,0
XXXXX5672_20141208,32964.91,0,0.9480227899133866,48,0.9166666666666666,0.81634045361245,2.6209303082935294,11.063655030800822,201.4,1
XXXXX5688_20190520,37260.0,0,1.0,48,1.0,0.21273318450638198,-1.1320831524098982,6.617385352498289,74.0625,0
XXXXX5694_20190520,486.0,0,1.0,48,1.0,0.15278027009765416,-0.9115284411636972,6.617385352498289,15.895833333333334,0
XXXXX5697_20180619,26851.5,0,1.0,48,1.0,0.25831030624062296,0.8148067737733388,7.534565366187543,72.95833333333333,0
XXXXX5719_20200630,7811.34,0,1.0,48,1.0,0.15529538924082187,0.6434824142422921,5.503080082135524,95.6875,0
XXXXX5765_20121122,677.7,0,1.0,48,1.0,0.359360175478048,-3.290515089014327,13.10609171800137,15.9375,0
XXXXX5776_20210505,21546.0,0,1.0,0,1.0,0.18763637161475755,3.2445722970039066,4.657084188911704,74.70833333333333,0
XXXXX5777_20121122,-5855.64,0,1.0,0,1.0,0.37595963948334704,7.053854211897522,13.10609171800137,3.0208333333333335,0
XXXXX5778_20121122,299899.0,0,1.0,48,1.0,0.21290716359196646,-4.764550043421576,13.10609171800137,64.89583333333333,0
XXXXX5781_20210505,945.0,0,1.0,48,1.0,0.19498475630492398,0.3949468085106387,4.657084188911704,21.854166666666668,0
XXXXX5785_20200701,8475.99,0,0.8125,48,0.7916666666666666,0.5763359656143251,-0.740644268345636,5.500342231348392,92.97368421052632,1
XXXXX5797_20121122,0.0,0,1.0,0,1.0,0.0,4.771967100190194e-16,13.10609171800137,13.104166666666666,0
XXXXX5825_20180621,-8450.0,0,1.0,48,1.0,0.1029635234102785,1.1723838471558832,7.529089664613279,-8.208333333333334,0
XXXXX5842_20210506,4539.88,0,1.0,48,1.0,0.4666159258162654,2.607764871906209,4.654346338124572,29.770833333333332,0
XXXXX5872_20130813,6889.61,0,0.9791666666666666,48,0.9583333333333334,0.24293853532650325,-0.8112071211463304,12.383299110198495,50.369565217391305,1
XXXXX5882_20190524,-2062.88,0,1.0,0,1.0,0.1494522023290325,0.6143340208423796,6.606433949349761,-9.708333333333334,0
XXXXX5944_20130605,-1066.5,0,1.0,48,1.0,0.1508204545645409,0.20793855840208378,12.572210814510608,9.604166666666666,0
XXXXX5944_20180626,6207.0,0,1.0,48,1.0,0.14363127411998958,1.8401541467650884,7.515400410677618,34.25,0
XXXXX5994_20200708,20829.06,0,1.0,48,1.0,0.32367371845814125,4.0759389926183225,5.4811772758384665,82.54166666666667,0
XXXXX6020_20161011,1.12,0,1.0,48,1.0,0.23723240554114447,2.6265143291359085,9.221081451060916,11.729166666666666,0
XXXXX6106_20200713,5224.92,0,0.9819999148993664,48,0.9791666666666666,0.2456443481245512,-30.672392531480593,5.467488021902806,14.520833333333334,1
XXXXX6117_20180703,2310.83,0,1.0,48,1.0,1.4345052161565477,45.291729808944844,7.496235455167693,30.0625,0
XXXXX6132_20131129,1431.0,0,1.0,48,1.0,0.07107344603637364,1.049283543204518,12.087611225188228,12.125,0
XXXXX6135_20161014,1066478.3652999983,0,0.8284965043443825,48,0.7708333333333334,0.5505894384438177,-115.16263514980463,9.212867898699521,202.46153846153845,1
XXXXX6155_20121010,46427.25,0,0.9787904356973788,48,0.9583333333333334,0.3987027957003262,49.12393128528007,13.22381930184805,67.28260869565217,1
XXXXX6170_20120111,216.0,0,1.0,48,1.0,0.11275149096432455,1.4698762483716898,13.971252566735114,13.583333333333334,0
XXXXX6177_20180704,8810.05,0,0.9583333333333334,48,0.9375,0.3039002025031856,0.06514546244029554,7.493497604380561,37.48888888888889,1
XXXXX6188_20210513,23962.5,0,1.0,48,1.0,0.6257717419089829,17.358608336951797,4.635181382614648,45.479166666666664,0
XXXXX6189_20170725,3302.3399999999997,0,0.9166666666666666,48,0.8958333333333334,0.37829079212731187,-0.6448241424229278,8.435318275154003,25.325581395348838,1
XXXXX6201_20200715,0.0,0,1.0,48,1.0,0.4695880060136859,-10.151143617021278,5.462012320328542,13.333333333333334,0
XXXXX6216_20190606,42496.38,0,1.0,48,1.0,0.9206181001450744,55.85544398610507,6.570841889117043,97.3125,0
XXXXX6229_20210514,10638.0,0,0.9878920716637661,48,0.9375,0.37391087707308074,19.633164350846723,4.632443531827516,13.729166666666666,0
XXXXX6230_20121030,-60395.5,0,1.0,48,1.0,0.11982851546731611,13.043590968302201,13.169062286105408,-0.10416666666666667,0
XXXXX6242_20210514,6284.79,0,0.7291666666666666,48,0.7083333333333334,0.8068681387363679,-1.0089095744680856,4.632443531827516,10.647058823529411,1
XXXXX6263_20180705,0.0,0,1.0,48,1.0,0.11475232340100552,1.2796374294398614,7.490759753593429,6.458333333333333,0
XXXXX6274_20121012,-15853.82,0,1.0,48,1.0,0.12933279463049657,4.59369355188883,13.218343600273785,5.604166666666667,0
XXXXX6281_20210517,2384.6,0,0.8993055555555555,48,0.8333333333333334,0.5037753271756095,-0.9846265740338692,4.6242299794661195,45.55,1
XXXXX6298_20180706,298487.94,0,1.0,48,1.0,0.2603638213590254,146.61372557533645,7.488021902806297,14.125,0
XXXXX6307_20210517,49008.49,0,1.0,48,1.0,0.5308439262802239,141.763159465914,4.6242299794661195,36.083333333333336,0
XXXXX6308_20161024,51766.47,0,0.9995764677480277,48,0.9791666666666666,0.4642167338328077,120.57128365175853,9.1854893908282,43.354166666666664,0
XXXXX6339_20190610,724.9,0,1.0,48,1.0,0.2568713241764256,1.8866956144159786,6.5598904859685145,22.5,0
XXXXX6372_20131021,3011.7400000000002,0,1.0,48,1.0,0.19016028764196824,3.1530872774641763,12.19438740588638,17.5625,0
XXXXX6391_20161027,68657.23,0,1.0,48,1.0,0.4077268115728395,37.545785388623536,9.177275838466803,31.916666666666668,0
XXXXX6416_20161028,44753.28,0,1.0,48,1.0,0.3279972800135463,1.3151758575770707,9.174537987679672,93.10416666666667,0
XXXXX6422_20200721,688.5,0,1.0,48,1.0,0.37957777870250076,8.560233933999129,5.44558521560575,17.520833333333332,0
XXXXX6425_20130221,-137808.0,0,1.0,0,1.0,0.2819004293317894,157.03383467216673,12.856947296372347,12.395833333333334,0
XXXXX6467_20180712,736.48,0,1.0,48,1.0,0.2491952331840739,8.960608445505859,7.471594798083505,14.75,0
XXXXX6468_20121220,24105.0,0,0.9583333333333334,48,0.9375,0.2926620155210164,-0.010258358662615508,13.02943189596167,95.11111111111111,1
XXXXX6501_20200723,32218.83,0,0.8988875102870271,48,0.6666666666666666,0.47375135750462943,4.7285692574902285,5.4401095140314855,34.46666666666667,1
XXXXX6522_20120705,-3200.0,0,0.9614895304767205,48,0.9166666666666666,0.2107209772418701,-0.9986973512809361,13.489390828199863,4.645833333333333,1
XXXXX6529_20190614,1806.42,0,1.0,48,1.0,0.3109932699820352,8.595476552323051,6.548939082819986,12.729166666666666,0
XXXXX6564_20180713,6761.21,0,0.9791666666666666,48,0.9583333333333334,0.26574220974639345,0.3002627008250106,7.468856947296373,92.6304347826087,1
XXXXX6596_20210521,44847.5,0,0.9878774762429797,48,0.9583333333333334,0.29944385179064487,6.733725032566218,4.61327857631759,51.659574468085104,1
XXXXX6607_20190617,54215.49,0,1.0,48,1.0,0.35824122362450916,4.106705384281367,6.54072553045859,69.39583333333333,0
XXXXX6609_20210521,18906.3,0,1.0,48,1.0,0.5631776568301856,10.672213417281803,4.61327857631759,58.145833333333336,0
XXXXX6624_20120103,17976.29,0,0.9930555555555555,48,0.9791666666666666,0.39639943058735577,8.751309704732959,13.99315537303217,31.06382978723404,1
XXXXX6628_20120103,152544.13,0,0.6194915835974634,48,0.6041666666666666,0.7969802540991834,2.9476905123751593,13.99315537303217,47.84375,1
XXXXX6646_20161110,202.5,0,1.0,48,1.0,0.4034103823474312,99.59657240555795,9.138945927446954,12.583333333333334,0
XXXXX6659_20130222,7843.35,0,1.0,48,1.0,0.12990139195477554,0.5271808510638292,12.854209445585216,88.5625,0
XXXXX6675_20161111,34846.59,0,0.7708333333333334,48,0.75,0.6839175307354475,-2.2158054711246207,9.136208076659821,129.61111111111111,1
XXXXX6694_20170808,28469.67,0,0.7232501551961331,48,0.5833333333333334,0.7027857645013516,0.2999522362136348,8.396988364134154,46.1219512195122,1
XXXXX6704_20161115,18223.11,0,1.0,48,1.0,0.13609729035184343,16.002071211463306,9.125256673511293,19.833333333333332,0
XXXXX6722_20220610,11368.24,0,1.0,48,1.0,0.23728890530642935,1.7791798740772906,3.5592060232717317,52.3125,0
XXXXX6756_20170810,27181.15,0,1.0,48,1.0,0.012293685540885415,0.10910768562744154,8.39151266255989,118.83333333333333,0
XXXXX6770_20170810,6172.04,0,1.0,48,1.0,0.7445650838004482,5.65830330004342,8.39151266255989,53.354166666666664,0
XXXXX6776_20210526,32194.58,0,0.8124950996245931,48,0.7916666666666666,0.5946826993744088,-3.6081925749022985,4.59958932238193,45.81578947368421,1
XXXXX6797_20130404,15001.56,0,0.8871637955201787,48,0.8541666666666666,0.46200744235843516,-0.9699554928354331,12.7419575633128,43.642857142857146,1
XXXXX6830_20130415,8503.26,0,1.0,48,1.0,0.29779296655463466,0.059666739036040445,12.711841204654347,68.85416666666667,0
XXXXX6838_20220614,-55636.08,0,0.999969819941799,48,0.9791666666666666,0.3304027392352216,8.62059379070777,3.5482546201232035,35.791666666666664,0
XXXXX6852_20170814,5523.01,0,1.0,48,1.0,0.20066144792882543,5.13341402518454,8.380561259411362,22.625,0
XXXXX6863_20200806,0.0,0,0.9861111111111112,48,0.9791666666666666,0.217327588638371,4.110304494138077,5.401779603011636,11.638297872340425,1
XXXXX6907_20200807,-663.75,0,1.0,48,1.0,0.2761180550704868,1.467433782023447,5.3990417522245036,7.541666666666667,0
XXXXX6913_20200807,22672.75,0,1.0,48,1.0,0.15839422508032822,6.591590316977853,5.3990417522245036,20.354166666666668,0
XXXXX6931_20161123,100185.3,0,1.0,48,1.0,0.4848235800039491,936.7187293747284,9.103353867214237,43.645833333333336,0
XXXXX6942_20170815,5376.2,0,0.8541666666666666,48,0.8333333333333334,0.4738915935162628,-0.6606947459834998,8.37782340862423,61.05,1
XXXXX6993_20190627,3007.2799999999997,0,1.0,48,1.0,0.39810446072785,3.0113601823708196,6.513347022587269,33.375,0
XXXXX7026_20200810,-1332.51,0,1.0,48,1.0,0.1549900894650632,0.641982197134172,5.390828199863107,-0.3541666666666667,0
XXXXX7029_20180725,20006.45,0,1.0,48,1.0,0.00800838728965351,0.10910768562744567,7.436002737850787,57.833333333333336,0
XXXXX7037_20180725,0.0,0,1.0,48,1.0,0.28000314931784465,1076.844984259661,7.436002737850787,11.166666666666666,0
XXXXX7049_20220620,-1894.2900000000004,0,1.0,48,1.0,0.30230693747323995,28.334516391663026,3.5318275154004106,18.0,0
XXXXX7065_20200811,13918.5,0,1.0,48,1.0,0.8361010309302381,39.309070234476756,5.388090349075975,25.0625,0
XXXXX7087_20190628,4315.88,0,0.9930555555555555,48,0.9791666666666666,0.21193870285103084,0.4635670864090318,6.510609171800137,65.85106382978724,1
XXXXX7241_20170822,0.0,0,1.0,48,1.0,0.2394091628307587,-0.11393237082066861,8.358658453114305,11.5625,0
XXXXX7275_20161215,-607.5,0,1.0,0,1.0,0.11669199319831564,4.748154580981329,9.043121149897331,3.9583333333333335,0
XXXXX7296_20210607,49244.25,0,1.0,48,1.0,0.4227114404852517,23.490908597481543,4.566735112936345,53.604166666666664,0
XXXXX7302_20190705,73777.73,0,1.0,48,1.0,0.5631482836418206,49.04102257924445,6.491444216290212,309.9166666666667,0
XXXXX7335_20180801,10252.48,0,1.0,48,1.0,0.36666661359362174,1.4235866261398171,7.416837782340862,90.02083333333333,0
XXXXX7432_20161223,0.0,0,1.0,48,1.0,0.21514896182347815,9.549241749891443,9.021218343600275,13.9375,0
XXXXX7432_20210610,6544.75,0,1.0,48,1.0,0.03164758813250687,0.10910768562744252,4.558521560574949,73.20833333333333,0
XXXXX7456_20190710,29551.32,0,1.0,48,1.0,0.678773029719889,33.10307587928788,6.477754962354552,22.3125,0
XXXXX7477_20190711,4197.12,0,1.0,48,1.0,0.723789412604203,17.898065566652186,6.4750171115674195,29.770833333333332,0
XXXXX7480_20200819,-5129.0,0,1.0,48,1.0,0.23539240896379293,7.063259878419455,5.366187542778919,10.583333333333334,0
XXXXX7499_20170829,345716.74,0,1.0,48,1.0,0.23646655978571463,28.615185084672152,8.33949349760438,92.14583333333333,0
XXXXX7521_20190711,8795.5,0,1.0,48,1.0,0.15600027863813476,1.296128962223187,6.4750171115674195,55.541666666666664,0
XXXXX7525_20180807,0.0,0,1.0,48,1.0,0.27504551418052875,33.96180416847589,7.40041067761807,10.979166666666666,0
XXXXX7588_20120629,24849.62,0,1.0,48,1.0,0.2079380042330846,-1.537050586191923,13.505817932922655,103.89583333333333,0
XXXXX7623_20190715,0.0,0,1.0,0,1.0,0.16230572864728401,4.245275184541901,6.464065708418891,11.125,0
XXXXX7686_20190716,-486.48,0,1.0,0,1.0,0.17605896787744554,2.9597552105948743,6.461327857631759,5.229166666666667,0
XXXXX7725_20190717,75166.96,0,1.0,48,1.0,0.31998161753495435,16.08446591402517,6.458590006844627,42.791666666666664,0
XXXXX7731_20170906,72073.79,0,1.0,48,1.0,0.5256746332722146,46.04136343899261,8.317590691307323,69.875,0
XXXXX7734_20120824,41626.8,0,0.9778190719842036,48,0.8333333333333334,0.3469464893875613,13.55450553625705,13.352498288843258,45.659574468085104,1
XXXXX7779_20200826,17312.31,0,1.0,48,1.0,0.2936356230115538,27.61859205384281,5.347022587268994,23.791666666666668,0
XXXXX7796_20120630,-23799.06,0,0.984375,48,0.9791666666666666,0.2582713342182667,2.5719072948328257,13.503080082135524,18.291666666666668,1
XXXXX7811_20210617,13662.0,0,1.0,48,1.0,0.5355896082808371,5.529255319148935,4.539356605065024,63.0625,0
XXXXX7830_20190718,8245.35,0,1.0,48,1.0,0.06571564880730209,-2.8162803951367854,6.455852156057495,22.145833333333332,0
XXXXX7849_20210618,169641.0,0,1.0,48,0.9791666666666666,0.2658809235574169,28.173816217976547,4.5366187542778915,28.72340425531915,1
XXXXX7883_20210618,3403.96,0,1.0,0,1.0,0.15788855527503012,2.1445147633521464,4.5366187542778915,21.041666666666668,0
XXXXX7888_20121121,-2390.0,0,1.0,48,1.0,0.17435408743717404,0.7810464611376465,13.1088295687885,-22.104166666666668,0
XXXXX7888_20200828,-112.0,0,1.0,48,1.0,0.18309603020366602,0.7813156752062526,5.341546885694729,10.520833333333334,0
XXXXX7904_20180815,769.7,0,1.0,48,1.0,0.329809348860207,2.10965208423795,7.378507871321013,18.791666666666668,0
XXXXX7904_20200828,40890.44,0,1.0,48,1.0,0.22309877169366726,47.23532891880151,5.341546885694729,23.666666666666668,0
XXXXX7929_20170912,7226.26,0,0.9375,48,0.9166666666666666,0.3432908617980981,-0.05180308293530126,8.301163586584531,104.0,1
XXXXX7934_20210620,3564.0,0,1.0,48,1.0,0.5538752452973593,224.15099869735124,4.531143052703627,16.520833333333332,0
XXXXX7979_20190723,58508.17,0,0.8926726881614978,48,0.7291666666666666,0.48481561966666786,14.731110508032994,6.442162902121835,121.06382978723404,1
XXXXX8162_20170918,-6492.1,0,1.0,0,1.0,0.3247716855315363,1.0826237516283108,8.284736481861739,-14.229166666666666,0
XXXXX8171_20200903,34348.08,0,0.9343199233716475,48,0.9166666666666666,0.4299350807736153,-2.836673903603996,5.325119780971937,105.68181818181819,1
XXXXX8223_20170919,3676.14,0,0.999034268669018,48,0.9791666666666666,0.21179483744238337,17.13895788102474,8.281998631074606,23.770833333333332,0
XXXXX8226_20180824,0.0,0,1.0,48,1.0,0.07426568819892226,-4.978701693443334,7.353867214236824,12.645833333333334,0
XXXXX8239_20170920,5112.2699999999995,0,1.0,48,1.0,0.2577992003266838,-2.743397742075552,8.279260780287474,21.395833333333332,0
XXXXX8282_20210628,9193.72,0,1.0,48,1.0,0.44853941177144957,2.5067363221884493,4.509240246406571,72.79166666666667,0
XXXXX8292_20170922,14037.57,0,1.0,48,1.0,0.17808130834909494,-6.33547275293096,8.27378507871321,27.5625,0
XXXXX8310_20170922,15507.38,0,0.9603937728937729,48,0.9375,0.5216939840965634,-0.2900477637863653,8.27378507871321,106.66666666666667,1
XXXXX8320_20210629,8965.96,0,1.0,48,1.0,0.5417092364554953,2.507198219713414,4.506502395619439,42.479166666666664,0
XXXXX8346_20190801,4077.0,0,1.0,48,1.0,0.43099467321234314,5.800369083803733,6.417522245037645,25.645833333333332,0
XXXXX8367_20210629,44145.0,0,0.9930555555555555,48,0.9791666666666666,0.34168338687023264,2.3468030829353017,4.506502395619439,145.51063829787233,1
XXXXX8393_20210630,26551.68,0,0.8593217520673306,48,0.8333333333333334,0.5493481211386355,-5.296155015197567,4.503764544832307,91.46341463414635,1
XXXXX8453_20230630,-3839.96,0,0.6041666666666666,48,0.625,0.7888963439898761,4.278771168041684,2.5051334702258727,-24.133333333333333,1
XXXXX8458_20190807,0.0,0,1.0,48,1.0,0.41699308332629054,45.34917227529308,6.401095140314853,13.854166666666666,0
XXXXX8475_20190808,7951.5,0,1.0,48,1.0,0.40447651929680906,32.630739795918366,6.398357289527721,21.708333333333332,0
XXXXX8488_20180831,1906.8600000000001,0,1.0,48,1.0,0.9817689614446765,36.014796461137635,7.3347022587268995,18.166666666666668,0
XXXXX8511_20200911,12999.550000000001,0,1.0,48,1.0,0.8151389062665613,3.9945560138949188,5.30321697467488,126.58333333333333,0
XXXXX8536_20180903,0.0,0,1.0,0,1.0,0.16367891685449965,0.7551552323056884,7.326488706365503,11.041666666666666,0
XXXXX8590_20220801,6745.110000000001,0,1.0,48,1.0,0.41076768138629355,5.118710920538426,3.4168377823408624,38.645833333333336,0
XXXXX8592_20170929,0.0,0,1.0,48,1.0,0.011643280051918989,0.1318508467216667,8.254620123203285,14.291666666666666,0
XXXXX8602_20170929,838.96,0,1.0,48,1.0,0.4248134197303264,8.614190729483278,8.254620123203285,15.645833333333334,0
XXXXX8606_20200914,14444.77,0,0.7706088602863503,48,0.75,0.6014089921307936,-1.0560920538428133,5.295003422313484,142.02777777777777,1
XXXXX8678_20200915,28285.21,0,1.0,48,1.0,0.47143583768373376,62.54103343465044,5.292265571526352,23.041666666666668,0
XXXXX8687_20210707,-7600.0,0,1.0,48,1.0,0.24587232262555883,11.410388623534512,4.484599589322382,7.416666666666667,0
XXXXX8742_20190819,71874.87000000001,0,1.0,48,1.0,0.5357475604025307,21.49370386452453,6.368240930869268,-0.4583333333333333,0
XXXXX8758_20171005,6427.7,0,1.0,48,1.0,0.16419991043788265,-12.76186767260097,8.238193018480493,82.27083333333333,0
XXXXX8766_20180907,17485.8,0,1.0,48,1.0,0.03363547408291749,0.24807642205818514,7.315537303216975,99.58333333333333,0
XXXXX8773_20190820,59398.020000000004,0,1.0,48,1.0,0.140557560880175,1.6516500217108125,6.365503080082136,184.60416666666666,0
XXXXX8804_20171006,11215.44,0,1.0,48,1.0,0.21404240706506078,85.2289947894051,8.235455167693361,37.25,0
XXXXX8866_20190821,17168.37,0,1.0,48,1.0,0.8128000815085266,125.25016120277894,6.362765229295003,97.89583333333333,0
XXXXX8936_20190823,-4020.8,0,1.0,48,1.0,0.5057780147910702,3.1300075987841915,6.357289527720739,18.5625,0
XXXXX8985_20200923,-854.2299999999998,0,0.9678571428571429,48,0.9375,0.4398278454813414,1.8557191706469809,5.270362765229295,9.666666666666666,1
XXXXX8995_20200923,11683.95,0,0.7699536861762275,48,0.75,0.6015614915348222,-1.063537776812853,5.270362765229295,86.83333333333333,1
XXXXX9002_20190826,15995.02,0,1.0,48,1.0,0.1907632400723377,12.32167281806339,6.349075975359343,22.479166666666668,0
XXXXX9023_20210715,4025.8500000000004,0,1.0,48,1.0,0.38826142453242857,31.415542227529297,4.462696783025325,16.354166666666668,0
XXXXX9032_20190827,135158.9,0,0.8116161652060562,48,0.7916666666666666,0.725250993301606,-4.196467650890142,6.346338124572211,412.8753888888889,1
XXXXX9056_20200925,486.0,0,1.0,48,1.0,0.18519117845289976,4.218845527572729,5.2648870636550305,4.645833333333333,0
XXXXX9074_20210715,-4615.8,0,1.0,48,1.0,0.4072030983461228,6.7650531914893595,4.462696783025325,-3.5,0
XXXXX9080_20190827,21060.0,0,1.0,48,1.0,0.3397279899221981,-3.2497014763352143,6.346338124572211,40.020833333333336,0
XXXXX9085_20200925,-540.0,0,1.0,0,1.0,0.23916920672168035,1.1584617889709077,5.2648870636550305,-2.4375,0
XXXXX9111_20210716,-9814.35,0,1.0,48,1.0,0.12950467476964528,0.34613330438558276,4.459958932238193,-34.4375,0
XXXXX9113_20180918,649.22,0,1.0,48,1.0,0.09629082682551318,1.757561333043855,7.285420944558521,15.479166666666666,0
XXXXX9167_20171016,0.0,0,1.0,48,1.0,0.41445294189022225,8.827861485019538,8.208076659822039,13.270833333333334,0
XXXXX9201_20210719,1219.78,0,0.9861111111111112,48,0.9375,0.31440665325251477,1.7493964394268338,4.4517453798767965,19.479166666666668,1
XXXXX9202_20200929,-11767.39,0,1.0,0,1.0,0.07674019134947536,0.6466136561007358,5.253935660506502,-20.145833333333332,0
XXXXX9216_20200929,607.5,0,0.9755691579895931,48,0.9791666666666666,0.8138097355853067,63.681321102909216,5.253935660506502,20.872340425531913,1
XXXXX9218_20190830,-2080.42,0,1.0,0,1.0,0.23509525457398056,10.544026812852794,6.338124572210814,7.8125,0
XXXXX9245_20180920,-59347.009999999995,0,1.0,48,1.0,0.5094662000297385,139.86112299174985,7.279945242984257,40.791666666666664,0
XXXXX9250_20200930,-7734.76,0,1.0,0,1.0,0.19177327790873427,1.478746743378201,5.25119780971937,-1.4166666666666667,0
XXXXX9270_20171018,-12541.5,0,1.0,48,1.0,0.4514928653723328,13.47948328267477,8.202600958247775,1.1041666666666667,0
XXXXX9285_20190902,0.0,0,1.0,48,1.0,0.0,-5.491379876481209e-16,6.329911019849418,20.145833333333332,0
XXXXX9344_20180925,46925.78,0,1.0,48,1.0,0.1523904494506606,10.408058510638298,7.266255989048597,44.645833333333336,0
XXXXX9380_20171019,4444.88,0,1.0,48,1.0,0.30988761768523376,1.4945657837603128,8.199863107460644,54.458333333333336,0
XXXXX9392_20201002,42733.9,0,0.9787912912912913,48,0.9791666666666666,0.3876870298218213,14.179351932262264,5.245722108145106,65.625,1
XXXXX9396_20180926,224342.47,0,0.9920167662115859,48,0.9583333333333334,0.763107534873501,-16.760174772036482,7.263518138261465,100.76595744680851,1
XXXXX9398_20180926,3040.73,0,0.9893233579093588,48,0.9583333333333334,0.20633290588701833,0.3694219496309161,7.263518138261465,47.255319148936174,1
XXXXX9412_20201002,0.0,0,1.0,48,1.0,0.19713639358343985,0.5418611593573613,5.245722108145106,14.333333333333334,0
XXXXX9418_20171020,23561.31,0,0.8750446312150232,48,0.8958333333333334,0.36336549996371664,3.8911045375597078,8.19712525667351,40.88636363636363,1
XXXXX9467_20180927,6195.31,0,1.0,48,1.0,0.22371687432349235,30.83300857577072,7.260780287474333,13.6875,0
XXXXX9502_20171023,1141.4,0,1.0,48,1.0,0.2551677740350182,-0.6682457663916621,8.188911704312115,25.104166666666668,0
XXXXX9503_20180927,1762.74,0,1.0,48,1.0,0.19850035861317886,0.8842477203647431,7.260780287474333,15.416666666666666,0
XXXXX9588_20190910,-1006.71,0,1.0,48,1.0,0.9342714053750235,68.87517911419886,6.308008213552362,40.020833333333336,0
XXXXX9624_20171026,52848.03,0,0.9791666666666666,48,0.9583333333333334,0.48486204959665896,13.584562527138514,8.180698151950718,75.54347826086956,1
XXXXX9646_20201008,162797.45,0,1.0,48,1.0,0.30872305292548013,0.46990610073816597,5.229295003422314,239.60416666666666,0
XXXXX9667_20171026,-5524.35,0,1.0,48,1.0,0.2132913361857238,-0.07131024750325665,8.180698151950718,-46.416666666666664,0
XXXXX9679_20190912,-3891.03,0,0.9791666666666666,48,0.9583333333333334,0.4249542037647067,3.949017042987406,6.3025325119780975,8.76086956521739,1
XXXXX9702_20181003,2058.48,0,1.0,48,1.0,0.12177461808354174,0.6055709943551888,7.24435318275154,28.270833333333332,0
XXXXX9829_20210805,27780.3,0,1.0,48,1.0,0.2165277724065697,20.23871580547112,4.405201916495551,23.625,0
XXXXX9840_20181008,10527.300000000001,0,1.0,48,1.0,0.1463055088014156,3.895356600086843,7.230663928815879,31.666666666666668,0
XXXXX9879_20210806,420.0,0,1.0,48,1.0,0.5073808375047932,10.91592488059053,4.402464065708419,11.020833333333334,0
XXXXX9912_20210806,-4059.33,0,1.0,48,1.0,0.2702846802754783,8.886233716891002,4.402464065708419,21.604166666666668,0
XXXXX9964_20210809,7890.24,0,1.0,48,1.0,0.14543599501066184,0.5907495657837603,4.394250513347022,92.9375,0
XXXXX9989_20210810,651.24,0,1.0,48,1.0,0.14511927756297233,5.521124620060791,4.39151266255989,12.041666666666666,0
